,level_0,index,url,name,contentType,description,contentRating,genre,poster,releasedDate,actors,availableForOffline,numberOfSeasons,seasonStartDate,source,sourceLink,uniqId,scrapedAt
0,0,0,https://www.netflix.com/title/80189221,The Haunting of Hill House,TVSeries,"Flashing between past and present, a fractured family confronts haunting memories of their old home and the terrifying events that drove them from it.",18+,TV Mysteries,https://occ-0-1492-1007.1.nflxso.net/dnm/api/v6/6AYY37jfdO6hpXcMjf9Yu5cnmO0/AAAABXWSCy7mTvNQ4R_mRaos7N9eqE0Oz4rflqohffwToR5eHOxjTH3sZFanOs6uvTJUwGMRV92DolxC9Uj3tB74I8O99MS3.jpg?r=153,2018-10-12,"Michiel Huisman, Carla Gugino, Timothy Hutton, Henry Thomas, Elizabeth Reaser, Oliver Jackson-Cohen, Kate Siegel, Victoria Pedretti, Lulu Wilson, Mckenna Grace, Paxton Singleton, Julian Hilliard, Violet McGraw",Available to download,1.0,2018-10-12,Netflix,https://netflix.com,85814dcd-729d-577f-873b-e3b7d9f21ab1,05/03/2022 14:51:34
1,1,2,https://www.netflix.com/title/80996601,Love Is Blind,TVSeries,"Nick and Vanessa Lachey host this social experiment where single men and women look for love and get engaged, all before meeting in person.",16+,Wedding & Romance Reality TV,https://occ-0-1492-1007.1.nflxso.net/dnm/api/v6/6AYY37jfdO6hpXcMjf9Yu5cnmO0/AAAABTZxF2D-iZejyj2QtyzZUbhjeP4iLovBD1KwOGp2FAVx1pGsM1lmFkZOV55adGo9HYkQdKudVVCY4oJ7kbyMUS1vWFFq.jpg?r=a2c,2020-2-13,"Nick Lachey, Vanessa Lachey",Available to download,2.0,2020-2-13,Netflix,https://netflix.com,e5461057-25c2-59a5-8672-d4b4a102ee00,05/03/2022 14:51:37
2,2,5,https://www.netflix.com/title/81083626,Midnight Mass,TVSeries,"The arrival of a charismatic young priest brings glorious miracles, ominous mysteries and renewed religious fervor to a dying town desperate to believe.",16+,TV Mysteries,https://occ-0-1492-1007.1.nflxso.net/dnm/api/v6/6AYY37jfdO6hpXcMjf9Yu5cnmO0/AAAABc9P8ku8VMocCHKA1sMsqUQRtQAIvGHSsbV1NdCQJeeapuBP3M_B9nS0D_k4MjpoG_uYAoHy3qoo53yrSokVIYRTpSKY.jpg?r=a3e,2021-9-24,"Kate Siegel, Zach Gilford, Hamish Linklater, Henry Thomas, Kristin Lehman, Samantha Sloyan, Igby Rigney, Rahul Kohli, Annarah Cymone, Annabeth Gish, Alex Essoe, Rahul Abburi, Matt Biedel, Michael Trucco, Crystal Balint, Louis Oliver",Available to download,1.0,2021-9-24,Netflix,https://netflix.com,d452167a-817d-5526-9070-d7fc23e8ff67,05/03/2022 14:51:38
3,3,6,https://www.netflix.com/title/80180171,Kingdom,TVSeries,"While strange rumors about their ill king grip a kingdom, the crown prince becomes their only hope against a mysterious plague overtaking the land.",18+,Horror TV Serials,https://occ-0-1492-1007.1.nflxso.net/dnm/api/v6/6AYY37jfdO6hpXcMjf9Yu5cnmO0/AAAABU9bHervQ-EtmiZVt8zsrEhQobTSgzXGHPmHaap3Xg8K7Nk5yhuD3uLDBeBBcoqFrPlyvlzaqxPGe7KTisTxFotu0lEJ.jpg?r=e6e,2019-1-25,"Ju Ji-hoon, Ryu Seung-ryong, Bae Doona, Kim Sang-ho, Kim Sung-kyu, Jun Suk-ho, Kim Hye-jun, Park Byung-eun, Huh Joon-ho",Available to download,2.0,2019-1-25,Netflix,https://netflix.com,ef1d6583-df37-5e68-b1aa-348697b6f302,05/03/2022 14:51:38
4,4,10,https://www.netflix.com/title/81015514,PIECES OF HER,TVSeries,A woman pieces together her mother's dark past after a violent attack in their small town brings hidden threats and deadly secrets to light.,18+,TV Mysteries,https://occ-0-1492-1007.1.nflxso.net/dnm/api/v6/6AYY37jfdO6hpXcMjf9Yu5cnmO0/AAAABTfjcQNzfTbwfD6lpFW2wEvcfdYgLR7nG_6RNYMj7jZ03dEGfwbCRHrFDD_7pxtzoS26s-8n0YGvu5wyj_3wpGNzbGBs.jpg?r=fd6,2022-3-4,"Toni Collette, Bella Heathcote, Jessica Barden, Joe Dempsie, Omari Hardwick, Jacob Scipio, David Wenham, Gil Birmingham, Aaron Jeffery",Available to download,1.0,2022-3-4,Netflix,https://netflix.com,1a888770-1435-5440-97eb-284225c1075b,05/03/2022 14:52:01
5,5,12,https://www.netflix.com/title/80002479,Peaky Blinders,TVSeries,"A notorious gang in 1919 Birmingham, England, is led by the fierce Tommy Shelby, a crime boss set on moving up in the world no matter the cost.",18+,Period Pieces,https://occ-0-1492-1007.1.nflxso.net/dnm/api/v6/6AYY37jfdO6hpXcMjf9Yu5cnmO0/AAAABXD7VvO6vbz6j7xTtYzDGUiVicKFh8clARB1dQP8rzC2hLAkVELp5qumxuG9_NzYpaDeh8zDORmNXzzjRNFHcyGttKfE.jpg?r=b6a,2015-12-31,"Cillian Murphy, Sam Neill, Helen McCrory, Paul Anderson, Iddo Goldberg, Annabelle Wallis, Sophie Rundle, Tom Hardy, Joe Cole, Ned Dennehy, Andy Nyman, Charlie Creed-Miles, Charlotte Riley, David Dawson, Jeffrey Postlethwaite, Matthew Postlethwaite, Ian Peck, Tony Pitts, Aidan Gillen, Adrien Brody, Charlie Murphy, Aimee-Ffion Edwards, Anya Taylor-Joy, Sam Claflin",Available to download,5.0,2015-12-31,Netflix,https://netflix.com,bf331d6b-e855-548c-8623-c6e04220c993,05/03/2022 14:52:01
6,6,13,https://www.netflix.com/title/81037371,Emily in Paris,TVSeries,"After landing her dream job in Paris, Chicago marketing exec Emily Cooper embraces her adventurous new life while juggling work, friends and romance.",16+,Romantic TV Comedies,https://occ-0-1492-1007.1.nflxso.net/dnm/api/v6/6AYY37jfdO6hpXcMjf9Yu5cnmO0/AAAABV2yi7z0HdiAQsDBEnT8ZefuGpETCDq2WrmSezirRYJ__mfPVjhwtZX_qeAglF8DETKwrp4QTxP8a8RAQ8b7wSJdeduj.jpg?r=c03,2020-10-2,"Lily Collins, Philippine Leroy-Beaulieu, Ashley Park, Lucas Bravo, Kate Walsh, Samuel Arnold, Bruno Gouery, Camille Razat, Lucien Laviscount, Kevin Dias",Available to download,2.0,2020-10-2,Netflix,https://netflix.com,367989cb-8972-54ab-9a13-f7990f4e0395,05/03/2022 14:52:02
7,7,16,https://www.netflix.com/title/81152777,Chosen,TVSeries,A 17-year-old girl finds her world turned upside down when she and her friends discover the disturbing truth lurking in their quiet Danish town.,18+,TV Thrillers,https://occ-0-1492-1007.1.nflxso.net/dnm/api/v6/6AYY37jfdO6hpXcMjf9Yu5cnmO0/AAAABRl8QO7h2qE8Hbg5CXU1OSNuVA29bhMtt-NZYYf_27TWFUL3xst_2Xk1mohLB4MX3cMbe63k6EpBzpHdbdpetqasgE1C.jpg?r=67c,2022-1-27,"Malaika Berenth Mosendane, Andrea Heick Gadeberg, Andreas Dittmer, Albert Rudbeck Lindhardt, Mohamed Djeziri, Magnus Juhl Andersen, Anders Heinrichsen, Line Kruse, Henrik Prip, Marie Louise Wille, Ken Vedsegaard",Available to download,1.0,2022-1-27,Netflix,https://netflix.com,267f0f7e-53e5-52a4-aa2c-5768c7c5918f,05/03/2022 14:52:03
8,8,17,https://www.netflix.com/title/80145143,Bordertown,TVSeries,A gifted detective takes a job in a small town so he can spend more time with his family. But he's soon drawn into a web of disturbing murder cases.,18+,TV Mysteries,https://occ-0-1492-1007.1.nflxso.net/dnm/api/v6/6AYY37jfdO6hpXcMjf9Yu5cnmO0/AAAABduQizxVrwoWU7YEIc1RxA8jveUxIr5x-iHuzmW8hnUR-u6WhCl5_i54FnZU2ImMu3L_py-7HQV5fXzfghrUWjalDFbz.jpg?r=d22,2018-7-15,"Ville Virtanen, Matleena Kuusniemi, Anu Sinisalo, Lenita Susi, Laura Malmivaara, Olivia Ainali, Ilkka Villi, Max Bremer, Matti Laine, Jasmin Hamid, Kristiina Halttu",Available to download,3.0,2018-7-15,Netflix,https://netflix.com,eee0636f-48a9-5590-b746-5c6a81217fc7,05/03/2022 14:52:04
9,9,20,https://www.netflix.com/title/81228573,Komi Can't Communicate,TVSeries,"At a high school full of unique characters, Tadano helps his shy and unsociable classmate Komi reach her goal of making friends with 100 people.",13+,TV Shows Based on Manga,https://occ-0-1492-2186.1.nflxso.net/dnm/api/v6/6AYY37jfdO6hpXcMjf9Yu5cnmO0/AAAABURrSlwq5rHPNicfjV0_KuzQKahKMEfd7NP_AeFATmlx_21bcCmc9lvva94YZvaXTGXotzWITg-F4lwB-jb7Hk8VOPSq.jpg?r=177,2021-10-21,"Aoi Koga, Gakuto Kajiwara, Rie Murakawa, Rina Hidaka, Rumi Okubo, Yukiyo Fujii, Ami Maeshima, Kenji Akabane, Yuga Sato, Kensho Ono, Sarah Emi Bridcutt, Junya Enoki, Maaya Uchida, Noriko Hidaka",Available to download,1.0,2021-10-21,Netflix,https://netflix.com,36f545ec-4dc7-5171-a30b-1349ab5958b2,05/03/2022 14:52:14
10,10,21,https://www.netflix.com/title/80027159,iZombie,TVSeries,A medical student-turned-zombie tries to retain her humanity by eating brains at the morgue and finds she has an uncanny new gift for solving crimes.,18+,TV Mysteries,https://occ-0-1492-2186.1.nflxso.net/dnm/api/v6/6AYY37jfdO6hpXcMjf9Yu5cnmO0/AAAABUfmexD4olGSOJ3L2sVp3e8n15wZyfHkEUDqOa1HMCK1h6weHt-t9KdjGx4AKOxhP-_1Y2qmBaIlw7X_TDjluvQT2aEX.jpg?r=ce1,2016-4-30,"Rose McIver, Malcolm Goodwin, Rahul Kohli, Robert Buckley, David Anders, Aly Michalka, Bryce Hodgson, Robert Knepper",Available to download,5.0,2016-4-30,Netflix,https://netflix.com,02c45fb5-3a06-5ba5-87bb-aef7f7e2d53c,05/03/2022 14:52:22
11,11,23,https://www.netflix.com/title/80995819,Inside Job,TVSeries,Lizard people? Real. The moon landing? Fake. Managing the world's conspiracies is a full-time job for an awkward genius and her dysfunctional co-workers.,18+,TV Comedies,https://occ-0-1492-2186.1.nflxso.net/dnm/api/v6/6AYY37jfdO6hpXcMjf9Yu5cnmO0/AAAABVzScTphNtEKstAtiXXVZg0m_Ydf6zz18gSHqZcGgqWd25KevEn4R9A6-pJjIP7TSUsXt59Utxd08fwC-9WVjeKrnxhn.jpg?r=187,2021-10-22,"Lizzy Caplan, Christian Slater, Clark Duke, Tisha Campbell, Andrew Daly, Chris Diamantopoulos, John DiMaggio, Bobby Lee, Brett Gelman",Available to download,1.0,2021-10-22,Netflix,https://netflix.com,3656e04c-dffe-5dbb-8a5a-0fa4a0aeefd8,05/03/2022 14:52:25
12,12,24,https://www.netflix.com/title/80240027,Virgin River,TVSeries,"Searching for a fresh start, a nurse practitioner moves from LA to a remote northern California town and is surprised by what -- and who -- she finds.",16+,TV Shows Based on Books,https://occ-0-1492-2186.1.nflxso.net/dnm/api/v6/6AYY37jfdO6hpXcMjf9Yu5cnmO0/AAAABTuF65tVnrYfrVcTRxYCmTcxn5AD-Y-kwhmc7DF4fjHnaR3kWYP3HbjyzDHtBqVwX7Qu8h6AoofiOrVs83Culoa0YUS_.jpg?r=44f,2019-12-6,"Alexandra Breckenridge, Martin Henderson, Tim Matheson, Annette O'Toole, Colin Lawrence, Lauren Hammersley, Grayson Gurnsey, Benjamin Hollingsworth, Sarah Dugdale, Zibby Allen, Jenny Cooper, Marco Grazzini",Available to download,3.0,2019-12-6,Netflix,https://netflix.com,dff8f76a-36ac-5eb2-980f-938c86fb574d,05/03/2022 14:52:25
13,13,26,https://www.netflix.com/title/81305952,The Woman in the House Across the Street from the Girl in the Window,TVSeries,"Mixing wine, pills, casseroles and an overactive imagination, Anna obsesses over a hunky neighbor across the street and witnesses a murder. Or did she?",18+,TV Mysteries,https://occ-0-1492-2186.1.nflxso.net/dnm/api/v6/6AYY37jfdO6hpXcMjf9Yu5cnmO0/AAAABXUoKdhCpQj7-V3gotUUtZu6f_BaBE4emlBzMIw-7hRUk6E431NIETWDzPpbr7mOM5eUUnDPJCtcr_sYBRwEFID3PpTF.jpg?r=899,2022-1-28,"Kristen Bell, Michael Ealy, Tom Riley, Samsara Yett, Mary Holland, Cameron Britton, Christina Anthony, Shelley Hennig, Benjamin Levy Aguilar, Brenda Koo",Available to download,1.0,2022-1-28,Netflix,https://netflix.com,3099deea-7a2b-5180-acbc-31ddac4ca9e8,05/03/2022 14:52:25
14,14,28,https://www.netflix.com/title/80133335,Call My Agent!,TVSeries,"At a top Paris talent firm, agents scramble to keep their star clients happy -- and their business afloat -- after an unexpected crisis.",16+,TV Dramas,https://occ-0-1492-2186.1.nflxso.net/dnm/api/v6/6AYY37jfdO6hpXcMjf9Yu5cnmO0/AAAABVegIfFHpJ4HGQo85wkGqkXdGCyw7N6bH1Hr8h1vABYe28S6suaMwEcC328RSsjwwwKWD0sQm2MoPnwfVRUrp0j_FWPS.jpg?r=963,2016-12-20,"Camille Cottin, Thibault de Montalembert, Grégory Montel, Liliane Rovère, Assaad Bouab, Fanny Sidney, Laure Calamy, Nicolas Maury, Stéfi Celma, Ophélia Kolb",Available to download,4.0,2016-12-20,Netflix,https://netflix.com,ae2f65c1-585d-5730-91b8-fffa89799cad,05/03/2022 14:52:28
15,15,29,https://www.netflix.com/title/80222802,Archive 81,TVSeries,An archivist takes a job restoring damaged videotapes and gets pulled into the vortex of a mystery involving the missing director and a demonic cult.,18+,TV Mysteries,https://occ-0-1492-1007.1.nflxso.net/dnm/api/v6/6AYY37jfdO6hpXcMjf9Yu5cnmO0/AAAABaRPVUamON6FcHJxqAoH__XXTK6nuyCabKZXrMAwvQpU3PIXM8fxLC44iThrvNuRz7lp3s_AHNf92e_d3fHt6iGNYphA.jpg?r=17a,2022-1-14,"Mamoudou Athie, Dina Shihabi, Matt McGorry, Evan Jonigkeit, Martin Donovan, Julia Chan, Ariana Neal",Available to download,1.0,2022-1-14,Netflix,https://netflix.com,13f0c601-36e6-51fd-85d9-119d8e64721f,05/03/2022 14:52:45
16,16,30,https://www.netflix.com/title/80986854,I Think You Should Leave with Tim Robinson,TVSeries,There is no such thing as an ordinary interaction in this offbeat sketch comedy series that features a deep roster of guest stars.,18+,TV Comedies,https://occ-0-1492-1007.1.nflxso.net/dnm/api/v6/6AYY37jfdO6hpXcMjf9Yu5cnmO0/AAAABdPfA9cHzJLwFYipFpXs1htHPvc_CF9qXhFHnIGQJ5ywh_SfmvXT0QAz1RYZS16F0wExg5ALmjAsBH-PDXGw5-pp1g-k.jpg?r=a59,2019-4-23,"Tim Robinson, Andy Samberg, Sam Richardson, Will Forte, Fred Willard, Cecily Strong, Tim Heidecker, Kate Berlant, Patti Harrison, Conner O'Malley",Available to download,2.0,2019-4-23,Netflix,https://netflix.com,7a8dc4ac-f99c-5ccc-9dc4-fcb8a84bbeeb,05/03/2022 14:52:45
17,17,34,https://www.netflix.com/title/80153467,Unbelievable,TVSeries,"After a young woman is accused of lying about a rape, two female detectives investigate a spate of eerily similar attacks. Inspired by true events.",18+,TV Dramas,https://occ-0-1492-1007.1.nflxso.net/dnm/api/v6/6AYY37jfdO6hpXcMjf9Yu5cnmO0/AAAABUEt4rYoKb9SOMKAZ6qUPi8Y8nLhL8sfo0uQl92sYsakn-fIUT_unF5kbMvo2nyN9kqKc4Nsx4c7c7j1ebVrTeN3NJMm.jpg?r=bc6,2019-9-13,"Toni Collette, Merritt Wever, Kaitlyn Dever, Dale Dickey, Scott Lawrence, Danielle Macdonald, Austin Hébert, Eric Lange, Elizabeth Marvel",Available to download,1.0,2019-9-13,Netflix,https://netflix.com,ee9ee947-048b-50a2-bcfa-78fa5f3e268a,05/03/2022 14:52:47
18,18,36,https://www.netflix.com/title/70300800,BoJack Horseman,TVSeries,"Meet the most beloved sitcom horse of the '90s, 20 years later. He’s a curmudgeon with a heart of...not quite gold...but something like gold. Copper?",18+,Sitcoms,https://occ-0-1492-1007.1.nflxso.net/dnm/api/v6/6AYY37jfdO6hpXcMjf9Yu5cnmO0/AAAABboZ8HN9D9tdC0ckGXEP1uTv594kU3QE4PuIfoqz6v--8RtGOZo8VutJI9rzcKOSyzBLHm4xuBSlypADyOly87Ce0Mq1.jpg?r=db0,2016-1-5,"Will Arnett, Aaron Paul, Amy Sedaris, Alison Brie, Paul F. Tompkins",Available to download,6.0,2016-1-5,Netflix,https://netflix.com,bd7db6fa-f50a-582c-b1b1-e1444dc130a4,05/03/2022 14:52:48
19,19,37,https://www.netflix.com/title/80201680,The Kominsky Method,TVSeries,Acting coach Sandy Kominsky and best friend Norman Newlander keep each other laughing as they navigate the ups and downs of getting older.,18+,Sitcoms,https://occ-0-1492-1007.1.nflxso.net/dnm/api/v6/6AYY37jfdO6hpXcMjf9Yu5cnmO0/AAAABY2c2u_5UCVPDErXRDlABpmvjkXOvVd78TPoeMvC-stLF83tGaHPPs6ZAYkEJAjAvges4OPg8Y1U3v7P2FvHoh2j_Jz6.jpg?r=899,2018-11-16,"Michael Douglas, Alan Arkin, Sarah Baker, Nancy Travis, Susan Sullivan, Lisa Edelstein, Paul Reiser, Jane Seymour, Kathleen Turner, Haley Joel Osment, Melissa Tang, Graham Rogers, Casey Thomas Brown, Jenna Lyng Adams, Ashleigh LaThrop, Emily Osment, Ann-Margret, Danny DeVito",Available to download,3.0,2018-11-16,Netflix,https://netflix.com,bb35b433-ed48-556f-bdee-43b201532bbb,05/03/2022 14:52:50
20,20,38,https://www.netflix.com/title/80239866,Sweet Magnolias,TVSeries,"Lifelong friends Maddie, Helen and Dana Sue lift each other up as they juggle relationships, family and careers in the small, Southern town of Serenity.",16+,TV Shows Based on Books,https://occ-0-1492-2186.1.nflxso.net/dnm/api/v6/6AYY37jfdO6hpXcMjf9Yu5cnmO0/AAAABTQ0dGzOLdA6tFi1wkCyWo_SgTjlKR9i1Uu0KC00xd0_ZyvAkiIzCfLlZsKjMKSyG2forxkg-v8s_L5UqARXKoTHsOYq.jpg?r=507,2020-5-19,"JoAnna Garcia Swisher, Brooke Elliott, Heather Headley, Chris Klein, Justin Bruening, Logan Allen, Anneliese Judge, Carson Rowland, Jamie Lynn Spears, Dion Johnstone, Chris Medlin, Brandon Quinn",Available to download,2.0,2020-5-19,Netflix,https://netflix.com,797f2eef-2ba3-5ad6-a8ee-fd35c41847e6,05/03/2022 14:53:05
21,21,39,https://www.netflix.com/title/81221380,Sweet Tooth,TVSeries,"On a perilous adventure across a post-apocalyptic world, a lovable boy who's half-human and half-deer searches for a new beginning with a gruff protector.",16+,Fantasy TV Shows,https://occ-0-1492-2186.1.nflxso.net/dnm/api/v6/6AYY37jfdO6hpXcMjf9Yu5cnmO0/AAAABTottQYqzF66tztST-VEZ7KEU5d9Wt0El2A6hl2JbNsvZi51DitB-N-gvi2BKLlC40TB2eEDkm9rKDTvO1I8KISPAYME.jpg?r=0c5,2021-6-4,"Nonso Anozie, Christian Convery, Adeel Akhtar, Stefania LaVie Owen, Dania Ramirez, Aliza Vellani, Will Forte, James Brolin, Neil Sandilands, Mia Artemis",Available to download,1.0,2021-6-4,Netflix,https://netflix.com,08ba3d16-60d8-590f-acf9-b258c4edf5ae,05/03/2022 14:53:07
22,22,40,https://www.netflix.com/title/80095697,Disenchantment,TVSeries,"Princess duties call, but she'd rather be drinking. Free-spirited Bean exasperates the king as she wreaks havoc with her demon and elf pals.",16+,Fantasy TV Shows,https://occ-0-1492-2186.1.nflxso.net/dnm/api/v6/6AYY37jfdO6hpXcMjf9Yu5cnmO0/AAAABZ8im8umpw5U6RerN32aFR7EDHS6KfKJoeCNZhpLQuO3QSRB-zOXwT_aEz9Nig3PyMdrOgR-24tAq8HJNLhBnT9VzJsS.jpg?r=b95,2018-8-17,"Abbi Jacobson, Eric André, Nat Faxon, John DiMaggio, Tress MacNeille, Matt Berry, David Herman, Maurice LaMarche, Lucy Montgomery, Billy West, Richard Ayoade",Available to download,4.0,2018-8-17,Netflix,https://netflix.com,90335f87-053f-5580-ad03-a6cb3bf3ae51,05/03/2022 14:53:08
23,23,42,https://www.netflix.com/title/81132961,True Story,TVSeries,A world-famous comedian desperately searches for a way out after a night in Philadelphia with his brother threatens to sabotage more than his success.,18+,TV Thrillers,https://occ-0-1492-1007.1.nflxso.net/dnm/api/v6/6AYY37jfdO6hpXcMjf9Yu5cnmO0/AAAABa3TSliD526vX4kBhrde3pnJjc4gXps5N062ThGATHddHfAL7iv01uzANZUt6z1WuSnOKk1oMD1Ke9cpAcbolbV_Nkb2.jpg?r=574,2021-11-24,"Kevin Hart, Wesley Snipes, Tawny Newsome, Theo Rossi, Will Catlett, Paul Adelstein, Ash Santos, John Ales, Chris Diamantopoulos, Lauren London, Billy Zane",Available to download,1.0,2021-11-24,Netflix,https://netflix.com,8893fc21-6606-5278-ac9b-a92c7c085ddb,05/03/2022 14:53:08
24,24,43,https://www.netflix.com/title/80245103,Halston,TVSeries,His name built an empire. His style defined an era. American fashion designer Halston skyrockets to fame before his life starts to spin out of control.,18+,TV Shows Based on Books,https://occ-0-1492-2186.1.nflxso.net/dnm/api/v6/6AYY37jfdO6hpXcMjf9Yu5cnmO0/AAAABTdqTDJfh2Tcs2dWWvf49yi4CtiGNf_rv0gjj8iZQm7eddzeaLV5JrjW0RN0RVxQsafHVKsImuYqwNdn9mYTVOFYlqcf.jpg?r=284,2021-5-14,"Ewan McGregor, Bill Pullman, Rebecca Dayan, David Pittu, Krysta Rodriguez, Rory Culkin, Vera Farmiga, Gian Franco Rodriguez, Sullivan Jones, Kelly Bishop, Dilone, James Waterston, Jason Kravits, Mary Beth Peil",Available to download,1.0,2021-5-14,Netflix,https://netflix.com,8545b9fe-707d-5dad-8a6a-fda51063f374,05/03/2022 14:53:08
25,25,44,https://www.netflix.com/title/81011098,Young Wallander,TVSeries,"When he personally witnesses a bizarre murder, rookie cop Kurt Wallander gets tapped to help investigate in this origin story of the popular character.",16+,TV Mysteries,https://occ-0-1492-1007.1.nflxso.net/dnm/api/v6/6AYY37jfdO6hpXcMjf9Yu5cnmO0/AAAABTfo_kc65aGQbiQgaIyVOfO4UaSpMPvmqB1H4rINuie0g-nTmv5NE992olWrKhRAMCXcXQzdaQXet9oYJ_JzbttYeu89.jpg?r=d7d,2020-9-3,"Adam Pålsson, Richard Dillane, Leanne Best, Yasen Atour, Ellise Chappell, Tomiwa Edun, Sara Seyed, Lisa Hammond, Josef Davies",Available to download,2.0,2020-9-3,Netflix,https://netflix.com,5da3f313-2b82-5291-8cf6-7a354ea84ad9,05/03/2022 14:53:09
26,26,45,https://www.netflix.com/title/80232398,Bridgerton,TVSeries,The eight close-knit siblings of the Bridgerton family look for love and happiness in London high society. Inspired by Julia Quinn's bestselling novels.,18+,TV Shows Based on Books,https://occ-0-1492-2186.1.nflxso.net/dnm/api/v6/6AYY37jfdO6hpXcMjf9Yu5cnmO0/AAAABZWt-Y4zzTAqWD3hmVY9HHt_Qsgq24fJvepErRvyvJhpzKiFSeDO-lTWQPSMWTjmKCB7PHpqbqm6oxfO3vXpFcrm-rJs.jpg?r=3d3,2020-12-25,"Adjoa Andoh, Julie Andrews, Lorraine Ashbourne, Jonathan Bailey, Ruby Barker, Sabrina Bartlett, Harriet Cains, Bessie Carter, Nicola Coughlan, Phoebe Dynevor, Ruth Gemmell, Florence Hunt, Claudia Jessie, Ben Miller, Luke Newton, Regé-Jean Page, Golda Rosheuvel, Luke Thompson, Will Tilston, Polly Walker, Simone Ashley, Charithra Chandran, Shelley Conn, Calam Lynch, Rupert Young",Available to download,1.0,2020-12-25,Netflix,https://netflix.com,b4b6a90c-2f80-5e10-bb2a-47029c584ec8,05/03/2022 14:53:10
27,27,46,https://www.netflix.com/title/80186863,The Umbrella Academy,TVSeries,"Reunited by their father's death, estranged siblings with extraordinary powers uncover shocking family secrets -- and a looming threat to humanity.",16+,TV Action & Adventure,https://occ-0-1492-2186.1.nflxso.net/dnm/api/v6/6AYY37jfdO6hpXcMjf9Yu5cnmO0/AAAABQGDt4E_69N7D1Yjwfuuh1icuQc-qOx1xKRc0ViMN0_vSbMYNBrsLH4za1bJQDuDIbnpuAQIoV8w85mcbkY2AesQH6kt.jpg?r=419,2019-2-15,"Elliot Page, Tom Hopper, David Castañeda, Emmy Raver-Lampman, Robert Sheehan, Aidan Gallagher, Justin H. Min, Ritu Arya, Yusuf Gatewood, Marin Ireland, Adam Godley, Kate Walsh, Colm Feore, Cameron Britton, Mary J. Blige",Available to download,2.0,2019-2-15,Netflix,https://netflix.com,efa2b1ee-99cf-5e00-8a0f-af225254ff0d,05/03/2022 14:53:11
28,28,47,https://www.netflix.com/title/80025678,The Crown,TVSeries,"Based on historical events, this series dramatizes the story of Queen Elizabeth II and the political and personal events that have shaped her reign.",18+,TV Dramas,https://occ-0-1492-2186.1.nflxso.net/dnm/api/v6/6AYY37jfdO6hpXcMjf9Yu5cnmO0/AAAABUuVVzIZY5Ym1ZQ9PvM6W15DnxeVNzqJcTFLOjyd4pmb3dE_WQ1YCMi-ysV5BYu8yimr8tSsUrmfAdS18k3ZSC-HJ7Qh.jpg?r=236,2016-11-4,"Olivia Colman, Helena Bonham Carter, Tobias Menzies, Claire Foy, John Lithgow, Matt Smith, Vanessa Kirby, Gillian Anderson, Josh O'Connor, Emma Corrin, Marion Bailey, Jared Harris, Victoria Hamilton, Eileen Atkins, Jeremy Northam, Alex Jennings, Ben Miles, Pip Torrens, Will Keen, Harry Hadden-Paton, Daniel Ings, Greg Wise, Harriet Walter, Lia Williams, Matthew Goode, Anton Lesser, Ben Daniels, Jason Watkins, Charles Dance, Emerald Fennell, Erin Doherty",Available to download,4.0,2016-11-4,Netflix,https://netflix.com,83cec79a-95f0-5e9f-ab36-d4564d107a9f,05/03/2022 14:53:12
29,29,48,https://www.netflix.com/title/80124522,Maniac,TVSeries,Two struggling strangers connect during a mind-bending pharmaceutical trial involving a doctor with mother issues and an emotionally complex computer.,18+,TV Dramas,https://occ-0-1492-1007.1.nflxso.net/dnm/api/v6/6AYY37jfdO6hpXcMjf9Yu5cnmO0/AAAABRI_ay_ZP57fl4MIG42508pg78hbldml6Z44BtlUURuikbkRQFxsh7d0ocnSg-v50Wwbj6LokcDCg90bt0ZxUttoBpBb.jpg?r=4da,2018-9-21,"Emma Stone, Jonah Hill, Justin Theroux, Sally Field, Gabriel Byrne, Sonoya Mizuno, Julia Garner, Billy Magnussen, Jemima Kirke",Available to download,1.0,2018-9-21,Netflix,https://netflix.com,2a8d3ffe-bf1d-5f51-98c9-b89ccd5ce7d7,05/03/2022 14:53:29
30,30,50,https://www.netflix.com/title/80192098,Money Heist,TVSeries,Eight thieves take hostages and lock themselves in the Royal Mint of Spain as a criminal mastermind manipulates the police to carry out his plan.,18+,TV Thrillers,https://occ-0-1492-1007.1.nflxso.net/dnm/api/v6/6AYY37jfdO6hpXcMjf9Yu5cnmO0/AAAABcJRuSn5WVoqwaLt1j927hJVOYGdl_RUvM120fKLl2Io8vgOPmhM6Vs-EJjiaNjmL7NxtEkfFsMUkUtasY59Y183NkJD.jpg?r=e19,2019-7-19,"Úrsula Corberó, Álvaro Morte, Itziar Ituño, Pedro Alonso, Miguel Herrán, Jaime Lorente, Esther Acebo, Darko Perić, Hovik Keuchkerian, Luka Peroš, Belén Cuesta, Fernando Cayo, Rodrigo de la Serna, Najwa Nimri, Fernando Soto, Mario de la Rosa, Antonio Romero, Mikel Bustamante, José Manuel Seda, Ramón Agirre, Alba Flores, Enrique Arce, Patrick Criado, Diana Gómez, Miguel Ángel Silvestre, Paco Tous, José Manuel Poga, Kiti Mánver, María Pedraza",Available to download,5.0,2019-7-19,Netflix,https://netflix.com,cb7efb91-8b08-5b7f-abfb-1fe9b68ec47f,05/03/2022 14:53:30
31,31,51,https://www.netflix.com/title/80206099,The Serpent,TVSeries,"In the 1970s, merciless killer Charles Sobhraj preys on travelers exploring the ""hippie trail"" of South Asia. Based on shocking true events.",18+,TV Thrillers,https://occ-0-1492-1007.1.nflxso.net/dnm/api/v6/6AYY37jfdO6hpXcMjf9Yu5cnmO0/AAAABfRkpxMS-DTk0S2a4NCaknZp25dxe-yydjbq35xXuDBIMrhjrqpbME4jjBqQEr4Wj3WBrnlwqQ3X6xd6s5evq9TbzcXp.jpg?r=d94,2021-4-2,"Tahar Rahim, Jenna Coleman, Billy Howle, Ellie Bamber, Amesh Edireweera, Tim McInnerny, Damon Herriman",Available to download,1.0,2021-4-2,Netflix,https://netflix.com,81c7ab24-ccf5-548d-ab23-abaf7dfc99fd,05/03/2022 14:53:31
32,32,52,https://www.netflix.com/title/80189685,The Witcher,TVSeries,"Geralt of Rivia, a mutated monster-hunter for hire, journeys toward his destiny in a turbulent world where people often prove more wicked than beasts.",18+,TV Shows Based on Books,https://occ-0-1492-1007.1.nflxso.net/dnm/api/v6/6AYY37jfdO6hpXcMjf9Yu5cnmO0/AAAABVlzKD23OxpLNPSQfpD09vfHmkIAQNd_c4Nyeiy0w9bsnsmk-Q_hMrHz4hnHMlAqviLxw3a0CqB30ztmXLEWhfExFO3X.jpg?r=93a,2019-12-20,"Henry Cavill, Anya Chalotra, Freya Allan, Joey Batey, Eamon Farren, MyAnna Buring, Mimî M Khayisa, Mahesh Jadu, Anna Shaffer, Royce Pierreson, Tom Canton, Mecia Simson, Wilson Mbomio, Kim Bodnia, Jodhi May, Björn Hlynur Haraldsson, Adam Levy, Lars Mikkelsen, Jeremy Crawford, Basil Eidenbenz, Paul Bullion, Yasen Atour, Kristofer Hivju",Available to download,2.0,2019-12-20,Netflix,https://netflix.com,be7ed494-c382-5a02-849a-e7a4dd9c3726,05/03/2022 14:53:31
33,33,53,https://www.netflix.com/title/81074012,The Billion Dollar Code,TVSeries,"In 1990s Berlin, an artist and a hacker invented a new way to see the world. Years later, they reunite to sue Google for patent infringement on it.",16+,TV Dramas,https://occ-0-1492-1007.1.nflxso.net/dnm/api/v6/6AYY37jfdO6hpXcMjf9Yu5cnmO0/AAAABa5j4jYG8aaanK0vSZFiBVs8hB9FetxIlvAujCA1e_IDoS4-puzy_mR0P9H8v5FQsh-boruaXCeFICBD6pOPiYrLOOwf.jpg?r=d31,2021-10-7,"Mark Waschke, Mišel Matičević, Leonard Scheicher, Marius Ahrendt, Lavinia Wilson, Seumas F. Sargent, Rauand Taleb, Elias Krischke, Marcel Heuperman, Johanna Polley",Available to download,1.0,2021-10-7,Netflix,https://netflix.com,f9ebc9eb-b67e-5450-b2d3-a45a6a4ceeef,05/03/2022 14:53:32
34,34,54,https://www.netflix.com/title/80100172,Dark,TVSeries,A missing child sets four families on a frantic hunt for answers as they unearth a mind-bending mystery that spans three generations.,18+,TV Mysteries,https://occ-0-1492-1007.1.nflxso.net/dnm/api/v6/6AYY37jfdO6hpXcMjf9Yu5cnmO0/AAAABWKGy4K_1_dvtIW7celhWo6bXLMybAQPY7sAzW2aoc6gUizViVh4WXlTfUy-wJF09wIxphPT0fFx-LwBRmcJ9dEZ3HiR.jpg?r=077,2017-12-1,"Louis Hofmann, Oliver Masucci, Jördis Triebel, Maja Schöne, Karoline Eichhorn, Sebastian Rudolph, Anatole Taubman, Mark Waschke, Stephan Kampwirth, Anne Ratte-Polle, Andreas Pietschmann, Lisa Vicari, Michael Mendl, Angela Winkler",Available to download,3.0,2017-12-1,Netflix,https://netflix.com,ee7c6671-fdba-5c95-a2f2-c564cbdaf610,05/03/2022 14:53:32
35,35,55,https://www.netflix.com/title/81426972,jeen-yuhs: A Kanye Trilogy,TVSeries,"The lives of an emerging superstar and a filmmaker intertwine in this intense, intimate docuseries charting Kanye West's career, filmed over two decades.",18+,Music & Musicals,https://occ-0-1492-1007.1.nflxso.net/dnm/api/v6/6AYY37jfdO6hpXcMjf9Yu5cnmO0/AAAABRk0BN_FvspmspbUEp1RGIQE0DB93AuYPW6pb7EW6P2-ZW9BMVfjmQT_THDNmyxlPcwpMXghue82RMISxTMdh5Hcedj4.jpg?r=92e,2022-2-16,Ye,Available to download,1.0,2022-2-16,Netflix,https://netflix.com,d20ffba6-ca6f-54f4-9e09-c228408cdd37,05/03/2022 14:53:33
36,36,57,https://www.netflix.com/title/80233374,Brand New Cherry Flavor,TVSeries,"A filmmaker heads to Hollywood in the early '90s to make her movie but tumbles down a hallucinatory rabbit hole of sex, magic, revenge — and kittens.",18+,Horror TV Serials,https://occ-0-1492-1007.1.nflxso.net/dnm/api/v6/6AYY37jfdO6hpXcMjf9Yu5cnmO0/AAAABbIXRT8ESqEzIIj2KtrlEXlHZhmrdyjbjgPAsu9RfArcxNWsjxSXLaLPyfsMrFCcspgL-T4qDpMfPKWx_39P77_q_ni0.jpg?r=608,2021-8-13,"Rosa Salazar, Eric Lange, Catherine Keener, Jeff Ward, Manny Jacinto, Hannah Levien, Patrick Fischler",Available to download,1.0,2021-8-13,Netflix,https://netflix.com,850976f8-1352-5679-bf52-285b83858a7e,05/03/2022 14:53:36
37,37,58,https://www.netflix.com/title/80201500,Safe,TVSeries,"After his teenage daughter goes missing, a widowed surgeon in an affluent neighborhood begins unearthing dark secrets about the people closest to him.",18+,TV Mysteries,https://occ-0-1492-1007.1.nflxso.net/dnm/api/v6/6AYY37jfdO6hpXcMjf9Yu5cnmO0/AAAABa-TLgvkiVS4s2H5Uy078oTsd9qe49KDLX6WwJqI9N7MYY2GoUgEJ4pzkJmSqlidPahyYXu_nkH3gsTccs4lAD97OX-r.jpg?r=26c,2018-5-10,"Michael C. Hall, Amanda Abbington, Marc Warren, Hannah Arterton, Audrey Fleurot, Nigel Lindsay",Available to download,1.0,2018-5-10,Netflix,https://netflix.com,d0ee5b0b-df63-57da-a9e8-385fb8dd2739,05/03/2022 14:53:52
38,38,59,https://www.netflix.com/title/80207033,Cowboy Bebop,TVSeries,"Long on style and perpetually short on cash, bounty hunters Spike, Jet and Faye trawl the solar system looking for jobs. But can they outrun Spike's past?",18+,TV Action & Adventure,https://occ-0-1492-1007.1.nflxso.net/dnm/api/v6/6AYY37jfdO6hpXcMjf9Yu5cnmO0/AAAABU80_4LIryLUP2C5aF6WRXkxY0H75ZXiK_9wNusEgTWX1j9K5ElBChuDslsOLB4ltiAlJqEOWivgu0XMqipi_popOmAQ.jpg?r=a8f,2021-11-19,"John Cho, Mustafa Shakir, Daniella Pineda, Elena Satine, Alex Hassell, Tamara Tunie, Mason Alexander Park, Geoff Stults, Rachel House",Available to download,1.0,2021-11-19,Netflix,https://netflix.com,c9b11c66-f471-5a20-9772-1525e79a9f04,05/03/2022 14:53:52
39,39,60,https://www.netflix.com/title/80994082,Lupin,TVSeries,"Inspired by the adventures of Arsène Lupin, gentleman thief Assane Diop sets out to avenge his father for an injustice inflicted by a wealthy family.",16+,TV Mysteries,https://occ-0-1492-1007.1.nflxso.net/dnm/api/v6/6AYY37jfdO6hpXcMjf9Yu5cnmO0/AAAABbKGLZ9W5sDqa0vguVakGVp8xYRYoxKflYBqa4tjZ0KbJFumh-8MUCHlnSzwmL0U3BiiNrdbo9YpwtYBz-e15PTbzCjq.jpg?r=038,2021-1-8,"Omar Sy, Ludivine Sagnier, Clotilde Hesme, Nicole Garcia, Hervé Pierre, Soufiane Guerrab, Antoine Gouy, Fargass Assandé, Vincent Londez, Shirine Boutella",Available to download,2.0,2021-1-8,Netflix,https://netflix.com,f8879f96-2204-54a4-840c-c3d4e94b5519,05/03/2022 14:53:54
40,40,65,https://www.netflix.com/title/80141172,The Guardians of Justice,TVSeries,"When their seemingly fearless leader self-destructs, a team of troubled superheroes must confront festering evil in the world — and in themselves.",18+,TV Mysteries,https://occ-0-1492-1007.1.nflxso.net/dnm/api/v6/6AYY37jfdO6hpXcMjf9Yu5cnmO0/AAAABWJgl57tUGzPF0KUcJuM2PhyIWEg9aDz5GZfLR9jyJWWra9U9i-D4o_4Nl--c105NwKC4x0erA_HL0rsQFydjF_J_fcF.jpg?r=50e,2022-3-1,"Diamond Dallas Page, Sharni Vinson, Derek Mears, Denise Richards, Will Yun Lee, John Hennigan, Preeti Desai, Tiffany Hines, Jackson Rathbone, Kellan Lutz, Adi Shankar, Jen Sung Outerbridge, Jane Seymour, Edi Gathegi, Viggo Villalobos, Andy Milonakis, Christopher Judge, R.J. Mitte",Available to download,1.0,2022-3-1,Netflix,https://netflix.com,52d2e620-4c25-5672-bd7a-dd241072f24a,05/03/2022 14:53:57
41,41,66,https://www.netflix.com/title/80244283,Maya and the Three,TVSeries,A spirited princess with the heart of a warrior embarks on a mission to fulfill an ancient prophecy and save humanity from the wrath of vengeful gods.,7+,TV Cartoons,https://occ-0-1492-1007.1.nflxso.net/dnm/api/v6/6AYY37jfdO6hpXcMjf9Yu5cnmO0/AAAABQodNKoF0PeK4N720l0HRRifht9VXc8X0gnD1kBvj3D4-hD8Hk7w5g6SUY-kIqTYUw_1WHk9nu1qlH2E6SlNWMkxjY2a.jpg?r=5c9,2021-10-22,"Zoe Saldaña, Gabriel Iglesias, Diego Luna, Gael García Bernal, Rita Moreno, Alfred Molina, Allen Maldonado, Stephanie Beatriz, Kate del Castillo, Danny Trejo, Cheech Marin, Rosie Perez, Queen Latifah, Wyclef Jean, Isabela Merced, Chelsea Rendon, Joaquín Cosío, Carlos Alazraqui, Eric Bauza, Sandra Equihua",Available to download,1.0,2021-10-22,Netflix,https://netflix.com,8cccd0a1-62da-5cde-a3ba-fc994086aa63,05/03/2022 14:53:59
42,42,68,https://www.netflix.com/title/80200575,Alice in Borderland,TVSeries,"An aimless gamer and his two friends find themselves in a parallel Tokyo, where they're forced to compete in a series of sadistic games to survive.",18+,TV Thrillers,https://occ-0-1492-1007.1.nflxso.net/dnm/api/v6/6AYY37jfdO6hpXcMjf9Yu5cnmO0/AAAABXlt7Skny36UA9hDgsK0f_vScFeMVe1nCvHp9HhqiI5iIkK2BqUahsgOb7OQshh5JUFjPGRU3iHd8hIgBDtbZKvnxXs7.jpg?r=601,2020-12-10,"Kento Yamazaki, Tao Tsuchiya, Nijiro Murakami, Yuki Morinaga, Keita Machida, Ayaka Miyoshi, Dori Sakurada, Aya Asahina, Shuntaro Yanagi, Yutaro Watanabe, Ayame Misaki, Mizuki Yoshida, Tsuyoshi Abe, Nobuaki Kaneko, Sho Aoyagi, Riisa Naka",Available to download,1.0,2020-12-10,Netflix,https://netflix.com,3575eca5-7fa1-5c10-ad32-1729e0e5909c,05/03/2022 14:54:12
43,43,69,https://www.netflix.com/title/80236236,Another Life,TVSeries,"After a massive alien artifact lands on Earth, Niko Breckinridge leads an interstellar mission to track down its source and make first contact.",18+,TV Thrillers,https://occ-0-1492-1007.1.nflxso.net/dnm/api/v6/6AYY37jfdO6hpXcMjf9Yu5cnmO0/AAAABQG85R9AdAH2WZ-YSsNj7Z1Z9H-bRC2OPgxH6sg2J6Anc6cIPHtoFPjNtHZnGkZJ-Azw14LYeIkwG5-Dm5FXNjv7qE3o.jpg?r=4d2,2019-7-25,"Katee Sackhoff, Justin Chatwin, Samuel Anderson, Elizabeth Ludlow, Tongayi Chirisa, AJ Rivera, Alexander Eling, Jayr Tinaco, Dillon Casey, Lina Renna, Blu Hunt, Jake Abel, Alex Ozerov, Selma Blair",Available to download,2.0,2019-7-25,Netflix,https://netflix.com,a57411c4-6fdd-54d3-819b-5a6a4afb8d81,05/03/2022 14:54:13
44,44,70,https://www.netflix.com/title/81059720,Feria: The Darkest Light,TVSeries,Two sisters must face a new reality — and supernatural elements — when it's revealed their parents participated in a cult ritual ending in death.,18+,Horror TV Serials,https://occ-0-1492-1007.1.nflxso.net/dnm/api/v6/6AYY37jfdO6hpXcMjf9Yu5cnmO0/AAAABbfoc_ZUEPAflHJ-9H0_DmeyrDEZ4R7sLzlLiZoIolzXd4qhtQxSgv0AKiK1Fgmy7d6b0Y_Hpy6Cp08sGADedOK5qBlp.jpg?r=e2f,2022-1-28,"Carla Campra, Ana Tomeno, Isak Férriz, Marta Nieto, Ernest Villegas, Salva Reina, Carlos Scholz, Berta Hernández, Patricia López Arnaiz, Sauce Ena, Pablo Gómez-Pando, Oti Manzano, Ángela Cremonte",Available to download,1.0,2022-1-28,Netflix,https://netflix.com,e0b3d77c-16bf-501b-bbcb-07507c49fb41,05/03/2022 14:54:13
45,45,71,https://www.netflix.com/title/81346087,Lies and Deceit,TVSeries,"A literature teacher seeks justice against a surgeon she claims date raped her, while he vehemently denies her accounts of the encounter.",18+,TV Thrillers,https://occ-0-1492-1007.1.nflxso.net/dnm/api/v6/6AYY37jfdO6hpXcMjf9Yu5cnmO0/AAAABSwHOj-4oa8BwKjL1wGRnhCUqkFYhw69gazgXebWlSTpIuPiTu9kPvP_atQJYwdjsBI6ghqVfuzlTuYyHsI6yijLeODF.jpg?r=6a5,2022-3-4,"Ángela Cremonte, Javier Rey, Manuela Velasco, Miguel Fernandez, Itziar Atienza, Víctor Duplá, Paco Tous",Available to download,1.0,2022-3-4,Netflix,https://netflix.com,814bcc77-56a6-5ed1-8fa3-107049a3e59d,05/03/2022 14:54:15
46,46,72,https://www.netflix.com/title/81039388,The Chestnut Man,TVSeries,"At a grisly murder scene sits a figurine made of chestnuts. From this creepy clue, two detectives hunt a killer linked to a politician's missing child.",18+,TV Mysteries,https://occ-0-1492-1007.1.nflxso.net/dnm/api/v6/6AYY37jfdO6hpXcMjf9Yu5cnmO0/AAAABYkuUppHydpWTYVZ_Lz7WkJ667TNZy4rzG7AAuPD2zVSvdlOdLw3pfDuB5E7xuVScK0Ie5pP_xg1YwoXOSYCIGqKS9f9.jpg?r=913,2021-9-29,"Danica Curcic, Mikkel Boe Følsgaard, Iben Dorner, Esben Dalgaard, David Dencik, Lars Ranthe",Available to download,1.0,2021-9-29,Netflix,https://netflix.com,0c79eb96-d12b-52f0-8c28-c71341a62021,05/03/2022 14:54:15
47,47,74,https://www.netflix.com/title/80114855,MINDHUNTER,TVSeries,In the late 1970s two FBI agents expand criminal science by delving into the psychology of murder and getting uneasily close to all-too-real monsters.,18+,TV Mysteries,https://occ-0-1492-1007.1.nflxso.net/dnm/api/v6/6AYY37jfdO6hpXcMjf9Yu5cnmO0/AAAABeYqbuxTAmMyEv7zzfOAvCS3FZqCEYTp-zDjaShF8fTBRkS40pMx8fiVePSB9IjjM4pZxwF2rc7GY-91PtvYVfYbgU-H.jpg?r=d4f,2017-10-13,"Jonathan Groff, Holt McCallany, Anna Torv, Cotter Smith, Hannah Gross, Michael Cerveris, Joe Tuttle, Albert Jones, Stacey Roca, Cameron Britton",Available to download,2.0,2017-10-13,Netflix,https://netflix.com,81306d0b-b746-56e7-a906-f76a0f9a1d96,05/03/2022 14:54:15
48,48,75,https://www.netflix.com/title/81289581,Stay Close,TVSeries,"When Carlton Flynn vanishes 17 years to the night after Stewart Green did, it sets off a chain reaction in the lives of people connected to both men.",18+,TV Dramas,https://occ-0-1492-1007.1.nflxso.net/dnm/api/v6/6AYY37jfdO6hpXcMjf9Yu5cnmO0/AAAABeHUQycTZ4mEvgn28WncGcLpHZC09OGLtAHqHg4jHf3hlb8MLHnox11tENslmsEQtv6yi58TGwllPFANRYxsK137NomB.jpg?r=80b,2021-12-31,"Cush Jumbo, James Nesbitt, Richard Armitage, Sarah Parish, Eddie Izzard, Jo Joyner, Daniel Francis, Youssef Kerkour, Bethany Antonia, Poppy Gilbert, Hyoie O'Grady",Available to download,1.0,2021-12-31,Netflix,https://netflix.com,17df978e-c327-592f-ae08-410d8fd6ec5e,05/03/2022 14:54:18
49,49,76,https://www.netflix.com/title/80230293,Wu Assassins,TVSeries,An unassuming San Francisco chef becomes the latest in a long line of assassins chosen to keep the mystical Wu powers out of the wrong hands.,18+,Fantasy TV Shows,https://occ-0-1492-1007.1.nflxso.net/dnm/api/v6/6AYY37jfdO6hpXcMjf9Yu5cnmO0/AAAABdg7ZoYJgJQeGuFlnqEYD1WTmafy4RHkqaT3Uqb81-xBv4ArvkzyQWcC-AsEpRZ5kOtF0AJM9LI2voYkuH5ZG5epJhzk.jpg?r=c90,2019-8-8,"Iko Uwais, Katheryn Winnick, Byron Mann, Tommy Flanagan, Li Jun Li, Celia Au, Lewis Tan, Lawrence Kao, JuJu Chan Szeto, Tzi Ma, Cranston Johnson, Mark Dacascos, Kevin Durand, Jeff Fahey, Summer Glau",Available to download,1.0,2019-8-8,Netflix,https://netflix.com,a4ede0ab-a88a-5d99-a27e-eaec43632721,05/03/2022 14:54:33
50,50,78,https://www.netflix.com/title/80179190,Never Have I Ever,TVSeries,"After a traumatic year, an Indian-American teen just wants to spruce up her social status — but friends, family and feelings won’t make it easy on her.",13+,TV Dramas,https://occ-0-1492-1007.1.nflxso.net/dnm/api/v6/6AYY37jfdO6hpXcMjf9Yu5cnmO0/AAAABQJi4Ddpu1JrlCrEklQ-crhk8SdlJ0LhBRPQFOxIHFPS2okm1RWrHB9aD9AkmdrcLEWXw9XS4eKW3EsfLUIVE3kQ9USw.jpg?r=b59,2020-4-27,"Maitreyi Ramakrishnan, Poorna Jagannathan, Richa Moorjani, Ranjita Chakraverty, John McEnroe, Ramona Young, Lee Rodriguez, Megan Suri, Jaren Lewison, Darren Barnet, Christina Kartchner, Common, Adam Shapiro, Niecy Nash, Sendhil Ramamurthy",Available to download,2.0,2020-4-27,Netflix,https://netflix.com,1f764998-5b8b-52ec-b144-0b2304a3a2a0,05/03/2022 14:54:34
51,51,81,https://www.netflix.com/title/80197526,Sex Education,TVSeries,"Insecure Otis has all the answers when it comes to sex advice, thanks to his therapist mom. So rebel Maeve proposes a school sex-therapy clinic.",18+,TV Dramas,https://occ-0-1492-1007.1.nflxso.net/dnm/api/v6/6AYY37jfdO6hpXcMjf9Yu5cnmO0/AAAABYt1UEmDbK7AC3i9tmYM-2Wf6qslLwtiqzn0hh76vS-kvbdlkhuLVITavISG_2yjgCir-mF97uW2kw0hoBXo7kFCQ-WU.jpg?r=224,2019-1-11,"Asa Butterfield, Gillian Anderson, Ncuti Gatwa, Emma Mackey, Connor Swindells, Kedar Williams-Stirling, Alistair Petrie, Aimee Lou Wood, Mimi Keene, Chaneil Kular, Tanya Reynolds, Patricia Allison, Mikael Persbrandt, Rakhee Thakrar, Jemima Kirke, Anne-Marie Duff",Available to download,3.0,2019-1-11,Netflix,https://netflix.com,8e7aff36-329c-506d-aa11-45d942642f3a,05/03/2022 14:54:36
52,52,82,https://www.netflix.com/title/81256675,Hellbound,TVSeries,"Unearthly beings deliver bloody condemnations, sending individuals to hell and giving rise to a religious group founded on the idea of divine justice.",18+,TV Mysteries,https://occ-0-1492-1007.1.nflxso.net/dnm/api/v6/6AYY37jfdO6hpXcMjf9Yu5cnmO0/AAAABZHXAGs4E2mLlRBIeBHVhjrSX_B-Bxm1E5IUBD4qNTbWoTXXEl3daPK7cbdyDlKpFdY2p-7C4b8NH4IgF-E1Y0PXJ5EE.jpg?r=d0c,2021-11-19,"Yoo Ah-in, Kim Hyun-joo, Park Jeong-min, Won Jin-a, Yang Ik-june, Kim Do-yoon, Kim Shin-rock, Ryu Kyung-soo, Lee Re",Available to download,1.0,2021-11-19,Netflix,https://netflix.com,5e7f921a-66ba-5d35-bccf-fcadfc8d945d,05/03/2022 14:54:38
53,53,83,https://www.netflix.com/title/80136311,Anne with an E,TVSeries,"A plucky orphan whose passions run deep finds an unlikely home with a spinster and her soft-spoken bachelor brother. Based on ""Anne of Green Gables.""",13+,TV Shows Based on Books,https://occ-0-1492-1007.1.nflxso.net/dnm/api/v6/6AYY37jfdO6hpXcMjf9Yu5cnmO0/AAAABeA78zh7-dm9wFGztZJ1sfjX4fQuIwWr-WPJ6o9EVXkqtUVU-uM9298hrEK_3gmmBWJT5lmHQwVIUzI8v52r7X3-zVdm.jpg?r=cc1,2017-5-12,"Amybeth McNulty, Geraldine James, R.H. Thomson, Corrine Koslo, Dalila Bela, Lucas Jade Zumann, Aymeric Jett Montaz, Dalmar Abuzeid, Cory Gruter-Andrew, Joanna Douglas",Available to download,3.0,2017-5-12,Netflix,https://netflix.com,698a8ba4-b3cd-57bc-bd97-991a97932e62,05/03/2022 14:54:38
54,54,84,https://www.netflix.com/title/80057281,Stranger Things,TVSeries,"When a young boy vanishes, a small town uncovers a mystery involving secret experiments, terrifying supernatural forces and one strange little girl.",16+,Horror TV Serials,https://occ-0-1492-1007.1.nflxso.net/dnm/api/v6/6AYY37jfdO6hpXcMjf9Yu5cnmO0/AAAABXq_vQJf0hxGmUQqHnb8nXwpz8iEmzC2upISv1MYxfE2kXO-IouDyL-TuAAkSqEn-iPui5s3ax8In2XqquIQkQ7L7csL.jpg?r=a42,2016-7-15,"Winona Ryder, David Harbour, Finn Wolfhard, Millie Bobby Brown, Gaten Matarazzo, Caleb McLaughlin, Noah Schnapp, Sadie Sink, Natalia Dyer, Charlie Heaton, Joe Keery, Maya Hawke, Priah Ferguson, Brett Gelman, Dacre Montgomery, Cara Buono, Matthew Modine, Paul Reiser, Sean Astin, Shannon Purser",Available to download,3.0,2016-7-15,Netflix,https://netflix.com,264c0513-296b-51c3-8173-39170644b993,05/03/2022 14:54:38
55,55,85,https://www.netflix.com/title/81002003,Pacific Rim: The Black,TVSeries,"After Kaiju ravage Australia, two siblings pilot a Jaeger to search for their parents, encountering new creatures, seedy characters and chance allies.",16+,Sci-Fi & Fantasy Anime,https://occ-0-1492-1007.1.nflxso.net/dnm/api/v6/6AYY37jfdO6hpXcMjf9Yu5cnmO0/AAAABbOy0RB0qXiBVdMQ0dZfFCiLrrEMjxNxzZAqtdDbSnD_WdERil6bMJDmG16DDbJhPF35S2Cy6CkUHRLm1RFQ0tFE7wJ6.jpg?r=e1e,2021-3-4,"Gideon Adlon, Calum Worthy, Erica Lindbeck, Victoria Grace, Andrew McPhee",Available to download,1.0,2021-3-4,Netflix,https://netflix.com,cf16bc66-718c-5cd9-b6db-aee1f471213d,05/03/2022 14:54:40
56,56,86,https://www.netflix.com/title/81040344,Squid Game,TVSeries,"Hundreds of cash-strapped players accept a strange invitation to compete in children's games. Inside, a tempting prize awaits — with deadly high stakes.",18+,TV Thrillers,https://occ-0-1492-1007.1.nflxso.net/dnm/api/v6/6AYY37jfdO6hpXcMjf9Yu5cnmO0/AAAABd4HzFv-sgspS4IfKaFiC_GRuBdX0r_aUXQujO02SaV23R6hBbiyDMuKe2-wAqNgUwDxPwKXcFiZsAX3etoyh9v--hjr.jpg?r=0b1,2021-9-17,"Lee Jung-jae, Park Hae-soo, Wi Ha-jun, Oh Young-soo, Jung Ho-yeon, Heo Sung-tae, Kim Joo-ryoung, Tripathi Anupam, You Seong-joo, Lee You-mi",Available to download,1.0,2021-9-17,Netflix,https://netflix.com,10843e40-2407-56ff-9204-c1e3ddb2af7f,05/03/2022 14:54:56
57,57,88,https://www.netflix.com/title/80242531,The Cuphead Show!,TVSeries,Follow the misadventures of the impulsive Cuphead and his easily swayed brother Mugman in this animated series based on the hit video game.,7+,TV Cartoons,https://occ-0-1492-1007.1.nflxso.net/dnm/api/v6/6AYY37jfdO6hpXcMjf9Yu5cnmO0/AAAABX3_HKhVVKGEOhJaU3u8ZVuCv7009cBeKLxdFNF35HC0R8inm5WS28Jtnnl72nGhdP-H6aQY0EFtZOLcyHQQfZIwx905.jpg?r=9b3,2022-2-18,"Tru Valentino, Frank Todaro, Wayne Brady, Joe Hanna, Luke Millington-Drake, Grey Griffin, Cosmo Segurson, Dave Wasson",Available to download,1.0,2022-2-18,Netflix,https://netflix.com,a50f338a-1880-5fd5-b5bd-7a589944570a,05/03/2022 14:54:57
58,58,89,https://www.netflix.com/title/80991754,Clickbait,TVSeries,"When family man Nick Brewer is abducted in a crime with a sinister online twist, those closest to him race to uncover who is behind it and why.",18+,TV Mysteries,https://occ-0-1492-1007.1.nflxso.net/dnm/api/v6/6AYY37jfdO6hpXcMjf9Yu5cnmO0/AAAABVmm4dB4RZzNNA4Nqskl6J6NLTJaf06x1BeEjPcANwy81V8G3v2yaOI0G4l0P01aEkpfWRW4dhHftgjSlQiCwmBEJa53.jpg?r=5a4,2021-8-25,"Zoe Kazan, Betty Gabriel, Adrian Grenier, Phoenix Raei, Abraham Lim, Jessica Collins, Camaron Engels, Jaylin Fletcher, Liz Alexander, Joyce Guy, Daniel Henshall, Ian Meadows, Jamie Timony, Steve Mouzakis, Becca Lish",Available to download,1.0,2021-8-25,Netflix,https://netflix.com,8ac05806-5a40-5b3d-a5e9-6dfd3ba75742,05/03/2022 14:54:57
59,59,90,https://www.netflix.com/title/80235864,Bodyguard,TVSeries,"After helping thwart a terrorist attack, a war veteran is assigned to protect a politician who was a main proponent of the very conflict he fought in.",16+,TV Mysteries,https://occ-0-1492-1007.1.nflxso.net/dnm/api/v6/6AYY37jfdO6hpXcMjf9Yu5cnmO0/AAAABXD5hCPNvLKPLdp4NkfPv59tIWaj9yO-0e5eoFfAR8LjuzsolFUYa5amy3sX7eNs-2jaVlOi_h0EinoUf8vWi8f8SO97.jpg?r=dc8,2018-10-24,"Richard Madden, Keeley Hawes, Gina McKee, Sophie Rundle, Vincent Franklin, Pippa Haywood, Paul Ready, Tom Brooke, Nicholas Gleaves, Stuart Bowman",Available to download,1.0,2018-10-24,Netflix,https://netflix.com,54d1eaee-55f1-5b51-bda0-34da1953ff8f,05/03/2022 14:54:57
60,60,91,https://www.netflix.com/title/81009646,Jurassic World Camp Cretaceous,TVSeries,Six teens invited to attend a state-of-the-art adventure camp on Isla Nublar must band together to survive when the dinosaurs break out of captivity.,7+,TV Shows Based on Books,https://occ-0-1492-1007.1.nflxso.net/dnm/api/v6/6AYY37jfdO6hpXcMjf9Yu5cnmO0/AAAABQYT3ffJxdNRZgMGTztWdGjbRzgDde3djeeKVxrqVxykJJEP0B-UhI4pnTFOZpPgKK2AjuiGKgzczq3D3Dg-1zW2-77k.jpg?r=ed6,2020-9-18,"Paul-Mikél Williams, Jenna Ortega, Sean Giambrone, Kausar Mohammed, Ryan Potter, Raini Rodriguez, Kirby Howell-Baptiste, Haley Joel Osment, Andrew Kishino, Roger Craig Smith, Stephanie Beatriz, Angus Sampson, Bradley Whitford, Glen Powell, Jameela Jamil",Available to download,4.0,2020-9-18,Netflix,https://netflix.com,4410cf89-b64e-5a5d-8199-cb197c927730,05/03/2022 14:54:58
61,61,92,https://www.netflix.com/title/81098012,The Silent Sea,TVSeries,"During a perilous 24-hour mission on the moon, space explorers try to retrieve samples from an abandoned research facility steeped in classified secrets.",16+,TV Mysteries,https://occ-0-1492-1007.1.nflxso.net/dnm/api/v6/6AYY37jfdO6hpXcMjf9Yu5cnmO0/AAAABeR9qq9Fue3__qwYmvPtardZLJKYfpBrFiDm6UzGBSCnfxUV_GBSgXajGelgsQI8UlO5t5y2oCZwb_T0hZGl4_Tk5gkG.jpg?r=9c7,2021-12-24,"Bae Doona, Gong Yoo, Lee Joon, Kim Sun-young, Lee Mu-saeng, Lee Sung-wook",Available to download,1.0,2021-12-24,Netflix,https://netflix.com,fab3cbb4-6f39-5a6b-8fae-ad6cc5f9375c,05/03/2022 14:54:59
62,62,93,https://www.netflix.com/title/80185171,Collateral,TVSeries,"Investigating the murder of a pizza delivery man, a London detective uncovers a tangled conspiracy involving drug dealers, smugglers and spies.",18+,TV Thrillers,https://occ-0-1492-1007.1.nflxso.net/dnm/api/v6/6AYY37jfdO6hpXcMjf9Yu5cnmO0/AAAABVCO2znYk5wP4cDUbxs_KhtTp_qsFeklPUergOvKM959EJ1h3RsTlFE4z4qLQmjAPtxdpeCQgMlm8BjccNZgffVBnHcj.jpg?r=693,2018-3-9,"Carey Mulligan, John Simm, Nicola Walker, Billie Piper, Nathaniel Martello-White, Jeany Spark, Hayley Squires, Ben Miles, Saskia Reeves, Ahd",Available to download,1.0,2018-3-9,Netflix,https://netflix.com,fa841482-5f7d-5d1d-8f0c-9b1067668b86,05/03/2022 14:55:00
63,63,95,https://www.netflix.com/title/80117803,Raising Dion,TVSeries,A widowed mom sets out to solve the mystery surrounding her young son's emerging superpowers while keeping his extraordinary gifts under wraps.,13+,Family Watch Together TV,https://occ-0-1492-1007.1.nflxso.net/dnm/api/v6/6AYY37jfdO6hpXcMjf9Yu5cnmO0/AAAABbwHnaGo2ABtbw7CsPLwrEKYymwr9Z8C1t0TI9kw9guLIeFnntlp9yKAaNlQ42-rTkp6XAKSuIjZNDPokfs-npjip-WW.jpg?r=cea,2019-10-4,"Alisha Wainwright, Ja'Siah Young, Jazmyn Simon, Jason Ritter, Rome Flynn, Sammi Haney, Griffin Robert Faulkner, Ali Ahn, Michael B. Jordan",Available to download,2.0,2019-10-4,Netflix,https://netflix.com,88f90fc6-184a-5bbb-b322-71df73c623b8,05/03/2022 14:55:16
64,64,96,https://www.netflix.com/title/81040405,Flowers,TVSeries,"Between a troubled marriage, a senile granny and twin siblings constantly in rivalry, a crumbling household struggles to barely keep it together.",18+,TV Comedies,https://occ-0-1492-1007.1.nflxso.net/dnm/api/v6/6AYY37jfdO6hpXcMjf9Yu5cnmO0/AAAABQLxSdzR0EkX4jCKDJOXceL0AjYiMTzm8pwcV7qyyvhPAw2MnewXdIkISqS2dXoRyeEvSA_CXH_Ypt0Q151QGKbILhrv.jpg?r=3ae,2018-12-14,"Olivia Colman, Julian Barratt, Daniel Rigby, Sophia Di Martino, Leila Hoffman, Will Sharpe, Harriet Walter",Available to download,2.0,2018-12-14,Netflix,https://netflix.com,bc358b8c-4de0-5365-ae10-ea06d0465b96,05/03/2022 14:55:17
65,65,97,https://www.netflix.com/title/80219707,Dead to Me,TVSeries,A hotheaded widow searching for the hit-and-run driver who mowed down her husband befriends an eccentric optimist who isn't quite what she seems.,18+,TV Dramas,https://occ-0-1492-1007.1.nflxso.net/dnm/api/v6/6AYY37jfdO6hpXcMjf9Yu5cnmO0/AAAABUCwp2EkP9aUsGp7GDqrkct3_b4q_nhRUfxuCkIZZueRTuh4-DZQK4RvIuw8qNE3QjdHUghwdh2bn3_H2RRjCTebWNtK.jpg?r=b1c,2019-5-3,"Christina Applegate, Linda Cardellini, James Marsden, Max Jenkins, Sam McCarthy, Luke Roessler, Edward Asner",Available to download,2.0,2019-5-3,Netflix,https://netflix.com,c78acdb3-4e34-5e98-9ed6-cb83580f494a,05/03/2022 14:55:18
66,66,98,https://www.netflix.com/title/81206259,The Chair,TVSeries,"At a major university, the first woman of color to become chair tries to meet the dizzying demands and high expectations of a failing English department.",16+,TV Dramas,https://occ-0-1492-1007.1.nflxso.net/dnm/api/v6/6AYY37jfdO6hpXcMjf9Yu5cnmO0/AAAABahYgbfbFdmfDeFWVwwnYUcSNjLGaiV2tlD2hYh2LokbISqdzVufSKXbQOJ-dKJ2j-Z5E8IU5dktwKNppDhA4lcC7dvX.jpg?r=4b0,2021-8-20,"Sandra Oh, Jay Duplass, Holland Taylor, David Morse, Bob Balaban, Nana Mensah, Everly Carganilla",Available to download,1.0,2021-8-20,Netflix,https://netflix.com,108c3066-8e2f-51ca-b5cc-cac7253150be,05/03/2022 14:55:18
67,67,100,https://www.netflix.com/title/80097140,Altered Carbon,TVSeries,"After 250 years on ice, a prisoner returns to life in a new body with one chance to win his freedom: by solving a mind-bending murder.",18+,TV Shows Based on Books,https://occ-0-1492-1007.1.nflxso.net/dnm/api/v6/6AYY37jfdO6hpXcMjf9Yu5cnmO0/AAAABby1gYS-6baO5R5LpDp_0iifggtn5snVN6zlowLAEG8aVx4qvb1xaN0dIEL1Hiz6noOR3VQ-K-rOB8WxddXIc08Uk4ex.jpg?r=c37,2018-2-2,"Anthony Mackie, Lela Loren, Simone Missick, Chris Conner, Dina Shihabi, Torben Liebrecht, Renée Elise Goldsberry, Joel Kinnaman, James Purefoy, Martha Higareda, Dichen Lachman, Will Yun Lee, Kristin Lehman, Ato Essandoh, Tamara Taylor, Byron Mann",Available to download,2.0,2018-2-2,Netflix,https://netflix.com,4022092b-9e89-56a6-b45c-9c4597b9395f,05/03/2022 14:55:18
68,68,102,https://www.netflix.com/title/80117552,Ozark,TVSeries,"A financial adviser drags his family from Chicago to the Missouri Ozarks, where he must launder $500 million in five years to appease a drug boss.",18+,TV Thrillers,https://occ-0-1492-1007.1.nflxso.net/dnm/api/v6/6AYY37jfdO6hpXcMjf9Yu5cnmO0/AAAABYVnPwBXkRfwrf-MZKxh8gLdc6JqIdMn8R83SS8AKWiEFDlHNo_FrgwgGB53JlnNRzqZx2Gyg0VFet8CLEHMsmbZL0fk.jpg?r=d3b,2017-7-21,"Jason Bateman, Laura Linney, Sofia Hublitz, Skylar Gaertner, Jason Butler Harner, Esai Morales, Peter Mullan, Lisa Emery, Julia Garner, Janet McTeer, Charlie Tahan, Jessica Frances Dukes, Damian Young, Felix Solis, Alfonso Herrera, Adam Rothenberg",Available to download,4.0,2017-7-21,Netflix,https://netflix.com,0c8c78f3-3bb3-55a6-a73f-69576544630b,05/03/2022 14:55:20
69,69,105,https://www.netflix.com/title/80211627,Russian Doll,TVSeries,Nadia keeps dying and reliving her 36th birthday party. She's trapped in a surreal time loop -- and staring down the barrel of her own mortality.,18+,TV Dramas,https://occ-0-1492-2186.1.nflxso.net/dnm/api/v6/6AYY37jfdO6hpXcMjf9Yu5cnmO0/AAAABTiMnRGpWK52qAcWKNEH3qIzu7BTijV0slCkPEoOZcZxgF9APNu6eX50QI08fjKS1RlpBlosArYyyt3CUPW0F13u1Yl8.jpg?r=947,2019-2-1,"Natasha Lyonne, Charlie Barnett, Greta Lee, Chloë Sevigny, Elizabeth Ashley, Annie Murphy, Brendan Sexton III, Yul Vazquez, Dascha Polanco, Jeremy Bobb, Rebecca Henderson, Brooke Timber",Available to download,1.0,2019-2-1,Netflix,https://netflix.com,ce354e67-50f9-5bd0-8ed3-b356c8da7fd8,05/03/2022 14:55:38
70,70,106,https://www.netflix.com/title/80017537,Grace and Frankie,TVSeries,"They’re not friends, but when their husbands leave them for each other, proper Grace and eccentric Frankie begin to bond in this Emmy-nominated series.",16+,Sitcoms,https://occ-0-1492-2186.1.nflxso.net/dnm/api/v6/6AYY37jfdO6hpXcMjf9Yu5cnmO0/AAAABdGH2HMvkbQaxrXIWROhn4opmq5zw-KOV9r8gAqzoD17cUllIcEpQO7w3qT06yDxT8EmnFiAXpNndpXEKqUHr_j9moiz.jpg?r=82b,2021-8-13,"Jane Fonda, Lily Tomlin, Martin Sheen, Sam Waterston, June Diane Raphael, Brooklyn Decker, Ethan Embry, Baron Vaughn",Available to download,7.0,2021-8-13,Netflix,https://netflix.com,756a34c6-adee-5f35-b219-347637bf9c4e,05/03/2022 14:55:38
71,71,108,https://www.netflix.com/title/80198137,Tuca & Bertie,TVSeries,Free-spirited toucan Tuca and self-doubting song thrush Bertie are best friends -- and birds -- who guide each other through life's ups and downs.,18+,TV Comedies,https://occ-0-1492-2186.1.nflxso.net/dnm/api/v6/6AYY37jfdO6hpXcMjf9Yu5cnmO0/AAAABdttwgC2Fa3q8ZLEdaeiuk44xV_s9ZMDxsQKNUivnmy7E7z-HlAuaqUDbj3KbpEeYyDHn_khTuKk3K15F58-feJ_O-qZ.jpg?r=c0a,2019-5-3,"Tiffany Haddish, Ali Wong, Steven Yeun, Nicole Byer, Raphael Bob-Waksberg, John Early, Richard E. Grant, Reggie Watts, Shamir Bailey, Cole Escola",Available to download,1.0,2019-5-3,Netflix,https://netflix.com,a274f4b4-ba39-5a82-b487-6b2a5dcefd2b,05/03/2022 14:55:39
72,72,109,https://www.netflix.com/title/81149450,Vikings: Valhalla,TVSeries,"In this sequel to ""Vikings,"" a hundred years have passed and a new generation of legendary heroes arises to forge its own destiny — and make history.",18+,Period Pieces,https://occ-0-1492-2186.1.nflxso.net/dnm/api/v6/6AYY37jfdO6hpXcMjf9Yu5cnmO0/AAAABescnaGHk9u_DPA1b4IOGYU5vL2P1tyEAF7iBpJCNDFIA3vhPRnIhCI5-gt_ywgLmAxhf1hgvgoEaNK5ZBBcPtmgw1wc.jpg?r=749,2022-2-25,"Sam Corlett, Leo Suter, Frida Gustavsson, Jóhannes Haukur Jóhannesson, Asbjørn Krogh Nissen, Laura Berlin, Caroline Henderson, David Oakes, Lujza Richter, Søren Pilmark, Pollyanna McIntosh",Available to download,1.0,2022-2-25,Netflix,https://netflix.com,07cda85a-9102-59fa-8fb7-5e5596c5e380,05/03/2022 14:55:39
73,73,111,https://www.netflix.com/title/80234304,The Queen's Gambit,TVSeries,"In a 1950s orphanage, a young girl reveals an astonishing talent for chess and begins an unlikely journey to stardom while grappling with addiction.",18+,TV Shows Based on Books,https://occ-0-1492-2186.1.nflxso.net/dnm/api/v6/6AYY37jfdO6hpXcMjf9Yu5cnmO0/AAAABUTdR0OCMRuhctSHN2ZVLBKRp2kbK7slnHJ8sF-DyI2-xEGYRXTGkd7pXvHZSxvtbKV_8bIK32DUdSEDSuXkzSsuX1B3.jpg?r=038,2020-10-23,"Anya Taylor-Joy, Bill Camp, Marielle Heller, Thomas Brodie-Sangster, Moses Ingram, Harry Melling, Isla Johnston, Christiane Seidel, Rebecca Root, Chloe Pirrie, Jacob Fortune-Lloyd",Available to download,1.0,2020-10-23,Netflix,https://netflix.com,eb4d7ec8-818d-5171-ac12-f7416068f796,05/03/2022 14:55:41
74,74,112,https://www.netflix.com/title/81210762,Young Royals,TVSeries,"Prince Wilhelm adjusts to life at his prestigious new boarding school, Hillerska, but following his heart proves more challenging than anticipated.",18+,TV Dramas,https://occ-0-1492-2186.1.nflxso.net/dnm/api/v6/6AYY37jfdO6hpXcMjf9Yu5cnmO0/AAAABZGtmZks3GxKbk9Mb1CiH-JPiAeAI5rSRv2m-6OWbWWN-486YqpSeqscXLpdrlGKa8AaC65dW4apPamfc0ZkD_gpDLgm.jpg?r=19d,2021-7-1,"Edvin Ryding, Omar Rudberg, Malte Gårdinger, Frida Argento, Nikita Uggla, Pernilla August",Available to download,1.0,2021-7-1,Netflix,https://netflix.com,bac1f758-f5f9-59c8-a96b-9cd97d4b13d8,05/03/2022 14:55:41
75,75,113,https://www.netflix.com/title/80236319,Shadow and Bone,TVSeries,Dark forces conspire against orphan mapmaker Alina Starkov when she unleashes an extraordinary power that could change the fate of her war-torn world.,16+,TV Shows Based on Books,https://occ-0-1492-1007.1.nflxso.net/dnm/api/v6/6AYY37jfdO6hpXcMjf9Yu5cnmO0/AAAABXQaYX3YIZG4ywXWFvGZLo59Lgb1-oWlqNkaweDIYIUts1xO0CVKKRSgcZibOLfKfZOZd8vPEI9x5vcNqUxJ-dNAc9PN.jpg?r=7d5,2021-4-23,"Jessie Mei Li, Archie Renaux, Ben Barnes, Freddy Carter, Amita Suman, Kit Young, Danielle Galligan, Calahan Skogman, Sujaya Dasgupta, Simon Sears, Daisy Head, Zoë Wanamaker, Luke Pasqualino, Julian Kostov",Available to download,1.0,2021-4-23,Netflix,https://netflix.com,f1b6efcb-7ec5-56e1-83c1-69696dd6e900,05/03/2022 14:55:56
76,76,114,https://www.netflix.com/title/80025172,Narcos,TVSeries,The true story of Colombia's infamously violent and powerful drug cartels fuels this gritty gangster drama series.,18+,TV Thrillers,https://occ-0-1492-1007.1.nflxso.net/dnm/api/v6/6AYY37jfdO6hpXcMjf9Yu5cnmO0/AAAABWZI12Ozjfy6EO7R4_LphCH1AIU2TZIBhmUpj9q2CGy0KG5iZoGtTM0WrPdfoftCh9oHEttz6zqmvCiLg194A_lnCABe.jpg?r=dcf,2016-11-30,"Wagner Moura, Pedro Pascal, Boyd Holbrook, Damián Alcázar, Alberto Ammann, Francisco Denis, Pepe Rapazote, Matias Varela, Michael Stahl-David, Matt Whelan, Arturo Castro, Javier Cámara, José María Yazpik, Eric Lange, Brett Cullen, Miguel Ángel Silvestre, Kerry Bishé, Paulina Gaitán, Cristina Umaña, Paulina García, Juan Sebastián Calero, Joanna Christie, Taliana Vargas, Andrea Londo, Manolo Cardona, Diego Cataño, Raúl Méndez, Bruno Bichir, Stephanie Sigman, Florencia Lozano, Juan Pablo Raba, Leynar Gomez, Konstantin Melikhov, Martina García, Maurice Compte, Mauricio Cujar, Jorge Monterrosa, Germán Jaramillo, Juan Pablo Shuk, Julián Díaz, Alejandro Buitrago, Federico Rivera",Available to download,3.0,2016-11-30,Netflix,https://netflix.com,d3e8f2da-4e04-5ea1-81ad-67a1a896f35d,05/03/2022 14:55:58
77,77,116,https://www.netflix.com/title/70258489,Derek,TVSeries,Ricky Gervais created and stars in this heartwarming comedy-drama series as a loyal English nursing home care worker who sees only the good in everyone.,18+,Sitcoms,https://occ-0-1492-1007.1.nflxso.net/dnm/api/v6/6AYY37jfdO6hpXcMjf9Yu5cnmO0/AAAABdMX2VDOfZMZk3W3B4KWVzfORMgZcjPl8rRcnTjQ_JciwlHyyoc8b9EvvoepO-SZWj1CTud5QLkMkolNT3TGRfz9hCBI.jpg?r=6e1,2019-1-1,"Ricky Gervais, Kerry Godliman, Karl Pilkington, David Earl, Kay Noone, Tim Barlow, Arthur Nightingale, Sheila Collings, Margaret Towner, Barry Martin, Prem Modgil, Blanche Williams, Ninette Finch, Brett Goldstein, Ruth Bratt, Holli Dempsey",Available to download,3.0,2019-1-1,Netflix,https://netflix.com,d9a53f5d-347c-554b-84ad-08a96272d75e,05/03/2022 14:55:59
78,78,117,https://www.netflix.com/title/81214609,Anxious People,TVSeries,"A bank robber holds the visitors of an open house hostage and then promptly vanishes, leaving the police baffled — and suspicious of everyone.",16+,TV Mysteries,https://occ-0-1492-1007.1.nflxso.net/dnm/api/v6/6AYY37jfdO6hpXcMjf9Yu5cnmO0/AAAABQ7AbOzn94RO-enFsLzH-B1535J3ZvjYls1L2VO4jYPCUGPTzaEJvse2SfMjhTw1IYf3bmT9D_LrZXaBMkmaJUoN-0GW.jpg?r=900,2021-12-29,"Dan Ekborg, Alfred Svensson, Marika Lagercrantz, Leif Andrée, Anna Granath, Per Andersson, Lottie Ejebrant, Carla Sehn, Petrina Solange, Sofia Ledarp, Sascha Zacharias",Available to download,1.0,2021-12-29,Netflix,https://netflix.com,5067ff09-4945-5c61-a5ca-0222c3652561,05/03/2022 14:55:59
79,79,119,https://www.netflix.com/title/81193104,Murderville,TVSeries,Eccentric detective Terry Seattle teams up with clueless celebrity guest stars to investigate a series of murders in this improvisational crime comedy.,16+,TV Mysteries,https://occ-0-1492-1007.1.nflxso.net/dnm/api/v6/6AYY37jfdO6hpXcMjf9Yu5cnmO0/AAAABeeKg1pP9X8YolK6xUbmNSvC_W4Qc7N6WteuhBZkIHSw9BMxHHyCxgwUg_ia2cZC-NGP3lda6hL2vfF4Bg5TzazMhMiM.jpg?r=b2a,2022-2-3,"Will Arnett, Haneefah Wood, Lilan Bowden, Philip Smithey, Conan O'Brien, Marshawn Lynch, Kumail Nanjiani, Annie Murphy, Sharon Stone, Ken Jeong",Available to download,1.0,2022-2-3,Netflix,https://netflix.com,03b6ab62-689c-5d80-b7e6-2cfd53422495,05/03/2022 14:56:00
80,80,121,https://www.netflix.com/title/80199128,Kim's Convenience,TVSeries,"While running a convenience store in Toronto, members of a Korean-Canadian family deal with customers, each other and the evolving world around them.",13+,Sitcoms,https://occ-0-1492-1007.1.nflxso.net/dnm/api/v6/6AYY37jfdO6hpXcMjf9Yu5cnmO0/AAAABaMdjVdM4jd6u8b3f7kdbnXs-SQ3i_yxEhsVjihR_oRxs3_8EsomDDzKvBwG2ooMC_aDm3MBfSTmbsmsQBjyv5gfnHeu.jpg?r=2bc,2018-7-12,"Paul Sun-Hyung Lee, Jean Yoon, Andrea Bang, Simu Liu, Andrew Phung, Nicole Power",Available to download,5.0,2018-7-12,Netflix,https://netflix.com,69670824-3337-5bc7-bbca-cb27ce0ad652,05/03/2022 14:56:09
81,81,122,https://www.netflix.com/title/80244630,Behind Her Eyes,TVSeries,A single mother enters a world of twisted mind games when she begins an affair with her psychiatrist boss while secretly befriending his mysterious wife.,18+,TV Mysteries,https://occ-0-1492-1007.1.nflxso.net/dnm/api/v6/6AYY37jfdO6hpXcMjf9Yu5cnmO0/AAAABe33JiS8A6w-FTSH89KcT4KII3bBRKuUbH-E06LqoHqGTqJrrPcRV-ekZ-9iX4ev5TqKWdm2jE1LHDf0g9MnlGinpu-X.jpg?r=6ec,2021-2-17,"Simona Brown, Eve Hewson, Tom Bateman, Robert Aramayo, Tyler Howitt, Georgie Glen",Available to download,1.0,2021-2-17,Netflix,https://netflix.com,19b0b3d0-fe65-549d-852c-2fdc8e80e737,05/03/2022 14:56:18
82,82,125,https://www.netflix.com/title/81237994,All of Us Are Dead,TVSeries,A high school becomes ground zero for a zombie virus outbreak. Trapped students must fight their way out — or turn into one of the rabid infected.,18+,Horror TV Serials,https://occ-0-1492-1007.1.nflxso.net/dnm/api/v6/6AYY37jfdO6hpXcMjf9Yu5cnmO0/AAAABZhBZt2_SaDtMG97h9Xes1qESjuyWUTV1eFchy8YlVSI2z9lugGumnkN3GJ79Igh_ZrHd8WLYf9QrZdR9vxi0QhAgyHF.jpg?r=610,2022-1-28,"Park Ji-hu, Yoon Chan-young, Cho Yi-hyun, Lomon, Yoo In-soo, Lee You-mi, Kim Byong-chul, Lee Kyoo-hyung, Jeon Bae-soo",Available to download,1.0,2022-1-28,Netflix,https://netflix.com,6e719f3e-1c05-572b-b05c-21c88329d655,05/03/2022 14:56:18
83,83,126,https://www.netflix.com/title/80238565,Derry Girls,TVSeries,"Amidst the political conflict of Northern Ireland in the 1990s, five high school students square off with the universal challenges of being a teenager.",16+,Sitcoms,https://occ-0-1492-1007.1.nflxso.net/dnm/api/v6/6AYY37jfdO6hpXcMjf9Yu5cnmO0/AAAABbw1mslC1fEFsOuL-ZS5Dkj7h30iVnWRTtaXtA9cz7XXOxrs04xP5IR5WFGCMDLTNNZWk9FIlt2bI1II5TUK-5e2Jvhp.jpg?r=fab,2018-12-21,"Saoirse-Monica Jackson, Nicola Coughlan, Louisa Harland, Jamie-Lee O'Donnell, Dylan Llewellyn, Tara Lynne O'Neill, Kathy Kiera Clarke, Tommy Tiernan, Ian McElhinney, Siobhan McSweeney",Available to download,2.0,2018-12-21,Netflix,https://netflix.com,d60fa7c2-3f47-58e8-b12d-be46459d8239,05/03/2022 14:56:18
84,84,127,https://www.netflix.com/title/81166770,Maid,TVSeries,"After fleeing an abusive relationship, a young mother finds a job cleaning houses as she fights to provide for her child and build them a better future.",18+,TV Shows Based on Books,https://occ-0-1492-1007.1.nflxso.net/dnm/api/v6/6AYY37jfdO6hpXcMjf9Yu5cnmO0/AAAABWrt9yrJgF60YmGB3Q44CXhLdv7YA072pOw8Q-F9flklxruTUE7Gi2mCrzNCt_aiyQ_-aKZKoHJ90H26KVHyZXUdYxt-.jpg?r=92d,2021-10-1,"Margaret Qualley, Andie MacDowell, Nick Robinson, Anika Noni Rose, Tracy Vilar, Billy Burke, Rylea Nevaeh Whittet",Available to download,1.0,2021-10-1,Netflix,https://netflix.com,c8fd286d-a3bb-5a25-917d-6e3aa44c21c2,05/03/2022 14:56:20
85,85,129,https://www.netflix.com/title/80097141,Godless,TVSeries,"A ruthless outlaw terrorizes the West in search of a former member of his gang, who’s found a new life in a quiet town populated only by women.",18+,TV Dramas,https://occ-0-1492-1007.1.nflxso.net/dnm/api/v6/6AYY37jfdO6hpXcMjf9Yu5cnmO0/AAAABUj7LQNTMzN-AMWV-wFqhyQgRP7yleYNj8486rM2Gv4781iJEJfyGuk2DQLTJntF9GS8LYC3QnqViIAfro-CTqfNxR9-.jpg?r=05f,2017-11-22,"Jeff Daniels, Michelle Dockery, Jack O'Connell, Scoot McNairy, Merritt Wever, Thomas Brodie-Sangster, Sam Waterston, Tantoo Cardinal",Available to download,1.0,2017-11-22,Netflix,https://netflix.com,0eba7418-9690-5bc0-a39a-75693460cd07,05/03/2022 14:56:23
86,86,130,https://www.netflix.com/title/80174608,"Love, Death & Robots",TVSeries,"Terrifying creatures, wicked surprises and dark comedy converge in this NSFW anthology of animated stories presented by Tim Miller and David Fincher.",18+,Horror TV Serials,https://occ-0-1492-1007.1.nflxso.net/dnm/api/v6/6AYY37jfdO6hpXcMjf9Yu5cnmO0/AAAABQwzB2k1AA1XeL96dj6meWR9dwMGHsgrVYouwqAvKGM2wqCVXaLuS79I1YUN-p3GaeXhupvBmbMiEyXHrLpxe_7NcCwe.jpg?r=f31,2019-3-15,"Michael B. Jordan, Elodie Yung, Joe Dempsie, Topher Grace, Mary Elizabeth Winstead, Gary Cole, Samira Wiley, Daisuke Tsuji, Maurice LaMarche, Rebecca Riedy, Helen Sadler, Hayley McLaughlin, Time Winters, Elly Condron, Stefan Kapicic, Bruce Thomas, Jeff Berg, Aaron Himelstein, Carlos Alazraqui, Jill Talley, Brian Bloom, Chris Cox, Michael Benyaer, Fred Tatasciore, Scott Whyte, Josh Brener, Gary Anthony Williams, Chris Parnell, Graham Hamilton, Adam Bartley, Kevin Michael Richardson, Emma Thornett, Henry Douthwaite, Madeleine Knight, Rebecca Banatvala, Kirk Thornton, Yuri Lowenthal, Elaine Tan, Matthew Yang King, Gwendoline Yeo, Neil Kaplan, G.K. Bowes, Courtenay Taylor, Nancy Linari, Ben Giroux, Brian Keane, Archie Madekwe, Sebastian Croft, Beatriz Godinho, Alexander Lobo Moreno, Nolan North, Emily O'Brien, Louis Bernard, Mounia Moula, Steven Pacey, Divi Mittal, Sami Amber",Available to download,2.0,2019-3-15,Netflix,https://netflix.com,75321089-7af2-54c5-8dde-d6aaeffb9a1b,05/03/2022 14:56:25
87,87,132,https://www.netflix.com/title/80241239,Locke & Key,TVSeries,"After their dad's murder, three siblings move with their mom to his ancestral estate, where they discover magical keys that unlock powers — and secrets.",18+,Fantasy TV Shows,https://occ-0-1492-2164.1.nflxso.net/dnm/api/v6/6AYY37jfdO6hpXcMjf9Yu5cnmO0/AAAABYvNM4ox3cKViyaWpXy4S8sumY-DhEZHxOqKe4onCLT4nLosp6fu1BX_FFmEPfHzijPnf5ZHNhl3YKajFLBaufTlK8VU.jpg?r=d38,2020-2-7,"Darby Stanchfield, Connor Jessup, Emilia Jones, Jackson Robert Scott, Petrice Jones, Laysla De Oliveira, Griffin Gluck, Aaron Ashmore, Brendan Hines, Hallea Jones, Sherri Saum, Bill Heck, Genevieve Kang, Kevin Alves, Thomas Mitchell Barnet, Eric Graise, Felix Mallard, Martin Roach, Asha Bromfield, Steven Williams, Coby Bird, Jesse Camacho, Joy Tanner, Liyou Abere",Available to download,2.0,2020-2-7,Netflix,https://netflix.com,4e7da5ff-b7a0-5fec-9c26-6282cff03257,05/03/2022 14:56:38
88,88,133,https://www.netflix.com/title/80225312,Undercover,TVSeries,The lines begin to blur for a pair of undercover cops as they try to infiltrate a drug kingpin's operation by posing as a couple and moving in next door.,18+,TV Thrillers,https://occ-0-1492-2164.1.nflxso.net/dnm/api/v6/6AYY37jfdO6hpXcMjf9Yu5cnmO0/AAAABYzZVhfFCPSgFIUOGA9s_RbD1ofDzedzfqo3r9SSjd6gGieyKGqakVT9abLU8jBU8OwssgX8wfyjALAX7iTSd7Qw7v8c.jpg?r=249,2019-5-3,"Tom Waes, Frank Lammers, Nazmiye Oral, Murat Seven, Gökhan Girginol, Gökhan Kizilbuga, Elise Schaap, Yannick van de Velde, Jeroen Van der Ven, Manou Kersting, Ruth Becquart, Sebastien Dewaele, Anna Drijver, Emma Verlinden, Raymond Thiry, Wim Willaert",Available to download,3.0,2019-5-3,Netflix,https://netflix.com,85dd2f1a-c256-5deb-9bc2-748938173964,05/03/2022 14:56:38
89,89,136,https://www.netflix.com/title/80998491,After Life,TVSeries,"Struggling to come to terms with his wife's death, a writer for a newspaper adopts a gruff new persona in an effort to push away those trying to help.",18+,TV Dramas,https://occ-0-1492-2164.1.nflxso.net/dnm/api/v6/6AYY37jfdO6hpXcMjf9Yu5cnmO0/AAAABS0nZtyGr5fq24Ul0wZOtBOC974Td56ybtYTBT7IuN-rpDPOvDiegh01bY3sEyk1-bYRKM8EHUAjSwElcJOaiLNq6Hgf.jpg?r=2a9,2019-3-8,"Ricky Gervais, Tom Basden, Tony Way, Diane Morgan, Mandeep Dhillon, David Bradley, Ashley Jensen, Kerry Godliman, Penelope Wilton, Jo Hartley, Paul Kaye, Roisin Conaty, Joe Wilkinson, David Earl, Ethan Lawrence, Kath Hughes",Available to download,3.0,2019-3-8,Netflix,https://netflix.com,5102c921-1ef9-5651-a1d8-dac9b82d4e22,05/03/2022 14:56:42
90,90,137,https://www.netflix.com/title/81090319,Dark Desire,TVSeries,"Married Alma spends a fateful weekend away from home that ignites passion, ends in tragedy and leads her to question the truth about those close to her.",18+,TV Mysteries,https://occ-0-1492-2164.1.nflxso.net/dnm/api/v6/6AYY37jfdO6hpXcMjf9Yu5cnmO0/AAAABQrb3_YmFcanHwchgjvmeE1haYwqoMyMsSWjh8mn7xa7588gtHw-DRduJnzuEx_HZoRZZdkPlX-jcwmK6YwpKOO-I3BB.jpg?r=d2a,2020-7-15,"Maite Perroni, Erik Hayser, Alejandro Speitzer, Jorge Poza, Catherine Siachoque, Arturo Barba, Regina Pavón, Ariana Saavedra, María Fernanda Yepes, Paulina Matos, Leticia Huijara, Claudia Pineda, Esteban Soberanes, Claudia Ríos, Samantha Orozco, Fabián Merlo, Eligio Meléndez, Carmen Beato, Carlos Torres, Toño Valdés",Available to download,2.0,2020-7-15,Netflix,https://netflix.com,e3f8c1a9-21b7-514c-a791-3de639fd40b6,05/03/2022 14:56:42
91,91,138,https://www.netflix.com/title/81008305,Inventing Anna,TVSeries,"Audacious entrepreneur or con artist? A journalist chases down the story of Anna Delvey, who convinced New York's elite she was a German heiress.",18+,TV Dramas,https://occ-0-1492-2164.1.nflxso.net/dnm/api/v6/6AYY37jfdO6hpXcMjf9Yu5cnmO0/AAAABVoO-ng3B7u51tUlgUH8eoLENxRGPebl5MzjCpQ4h-vc71DtIuf9BQWf34gJ898jv0xDXUnqIst99VDnLZ6Q3Revjret.jpg?r=a01,2022-2-11,"Anna Chlumsky, Julia Garner, Arian Moayed, Alexis Floyd, Anders Holm, Terry Kinney, Katie Lowes, Jeff Perry, Anna Deavere Smith, Laverne Cox",Available to download,1.0,2022-2-11,Netflix,https://netflix.com,ead8c75a-0d06-5c49-83ca-0d13a0a47836,05/03/2022 14:56:43
92,92,139,https://www.netflix.com/title/81517168,Twenty Five Twenty One,TVSeries,"In a time when dreams seem out of reach, a teen fencer pursues big ambitions and meets a hardworking young man who seeks to rebuild his life.",13+,TV Dramas,https://occ-0-1492-2164.1.nflxso.net/dnm/api/v6/6AYY37jfdO6hpXcMjf9Yu5cnmO0/AAAABRB9IetIJrG7VSINOMhGNg975SKafr8MPCPSLJzKUfqYkAyfr9SxE4ibNw5rtVHEJw90zv1bNFRtdioOpxqkFFQZDhHw.jpg?r=82c,2022-2-12,"Kim Tae-ri, Nam Joo-hyuk, Kim Ji-yeon, Choi Hyun-wook, Lee Ju-myoung",Available to download,1.0,2022-2-12,Netflix,https://netflix.com,68bc2a70-5988-5bae-a136-5bb4decec7cc,05/03/2022 14:56:45
93,93,142,https://www.netflix.com/title/80044950,The OA,TVSeries,"Seven years after vanishing from her home, a young woman returns with mysterious new abilities and recruits five strangers for a secret mission.",18+,TV Mysteries,https://occ-0-1492-1007.1.nflxso.net/dnm/api/v6/6AYY37jfdO6hpXcMjf9Yu5cnmO0/AAAABUeCnjwPwLMef5F45KORxINf65zbD-Zkgs2pWkOrwAzu7p50J6OkEafcIJTcGxQCPnuRHb0T2cVBSNGUSxe9jdYNP6xT.jpg?r=227,2016-12-16,"Brit Marling, Jason Isaacs, Emory Cohen, Patrick Gibson, Kingsley Ben-Adir, Scott Wilson, Alice Krige, Phyllis Smith, Brendan Meyer, Brandon Perea, Ian Alexander, Will Brill, Paz Vega, Chloe Levine, Sharon Van Etten, Riz Ahmed",Available to download,2.0,2016-12-16,Netflix,https://netflix.com,9fbb15bf-9158-5893-8620-3326724cf49a,05/03/2022 14:56:57
94,94,143,https://www.netflix.com/title/81021929,Space Force,TVSeries,A four-star general begrudgingly teams up with an eccentric scientist to get the U.S. military's newest agency — Space Force — ready for lift-off.,16+,TV Comedies,https://occ-0-1492-1007.1.nflxso.net/dnm/api/v6/6AYY37jfdO6hpXcMjf9Yu5cnmO0/AAAABViN00f48m9NCj8J_cIEJT-SkSgg2Z7UH2NbZkjOwzDiEZbnjLt-bNZNY6rVBJO27UP4xwdShMXUoSTr8PEa0EuuwqUN.jpg?r=c83,2020-5-29,"Steve Carell, John Malkovich, Ben Schwartz, Diana Silvers, Tawny Newsome, Jimmy O. Yang, Don Lake, Tim Meadows, Lisa Kudrow, Fred Willard, Spencer House, Owen Daniels, Alex Sparrow, Hector Duran, Chris Gethard, Aparna Nancherla",Available to download,2.0,2020-5-29,Netflix,https://netflix.com,72e2a0af-02a1-5d25-9a1d-eb74cd82e6b8,05/03/2022 14:56:58
95,95,144,https://www.netflix.com/title/81123055,In From the Cold,TVSeries,"Exposed as an ex-Russian spy, an American single mom must juggle family life and unique shape-shifting skills in a battle against an insidious enemy.",18+,TV Thrillers,https://occ-0-1492-1007.1.nflxso.net/dnm/api/v6/6AYY37jfdO6hpXcMjf9Yu5cnmO0/AAAABW4eCLMNkLZ_maU01SSnUVak-1oIs5XcyYHwnAcBmNwnSLWjx3Yh3SuNrrvHgXshjJFf04g1WnyvLebPqiaEQkrE4SsW.jpg?r=924,2022-1-28,"Margarita Levieva, Cillian O'Sullivan, Lydia Fleming, Charles Brice, Stasya Miloslavskaya, Alyona Khmelnitskaya, Anastasia Martin, Lola Mae Loughran",Available to download,1.0,2022-1-28,Netflix,https://netflix.com,030c5bef-bf17-5e3c-874a-5248a0fc798c,05/03/2022 14:56:58
96,96,145,https://www.netflix.com/title/81036622,Toy Boy,TVSeries,"After seven years in a Málaga prison, a male stripper is released pending retrial and sets out to prove his lover framed him for her husband's murder.",18+,TV Thrillers,https://occ-0-1492-1007.1.nflxso.net/dnm/api/v6/6AYY37jfdO6hpXcMjf9Yu5cnmO0/AAAABTblRcHvEy4kbOq8aKh5lyYZppGq-JPwzHCPj3GM-61kFSJd2Zw1mJSr7WX9MqOxN5y9fE3PiIUImDFLEKOsBjH4r0FX.jpg?r=951,2020-2-28,"Jesús Mosquera, Cristina Castaño, María Pedraza, Jose de la Torre, Carlo Costanzia, Raudel Raúl Martiato, Juanjo Almeida, Maxi Iglesias, José Manuel Seda, Álex Gadea, Javier Mora, Pedro Casablanc, Elisa Matilla, María Pujalte, Adelfa Calvo, Álex González, Federica Sabatini, Miriam Díaz Aroca",Available to download,2.0,2020-2-28,Netflix,https://netflix.com,957197b0-7cec-58aa-9c78-62fc50e1fe74,05/03/2022 14:56:58
97,97,147,https://www.netflix.com/title/81435684,Arcane,TVSeries,"Amid the stark discord of twin cities Piltover and Zaun, two sisters fight on rival sides of a war between magic technologies and clashing convictions.",16+,Fantasy TV Shows,https://occ-0-1492-1007.1.nflxso.net/dnm/api/v6/6AYY37jfdO6hpXcMjf9Yu5cnmO0/AAAABeUeIMTzAV2oCjzBfVSmV3IjCVnrxyohR7JUvGY0epzjl8_dgz9MX_NP_FBU8MW7TNEO45av3D4UJgg5slwB7tGO5XoQ.jpg?r=f3a,2021-11-7,"Hailee Steinfeld, Katie Leung, Kevin Alejandro, Jason Spisak, Ella Purnell, Toks Olagundoye, JB Blanc, Harry Lloyd, Shohreh Aghdashloo, Mick Wingert, Yuri Lowenthal, Josh Keaton, Mia Sinclair Jenness, Remy Hii",Available to download,1.0,2021-11-7,Netflix,https://netflix.com,2b0b2a1f-a3e4-55f5-96cb-8015d4ae8817,05/03/2022 14:56:59
